Reference,LabSex,Reprophase,date,Latitude,Longitude,depth,mature,activespawn,month,day,year
PIM120100301,2,6,4/4/2012,29.13935,-80.5089,25,2,2,4,4,2012
PIM120100101,2,2,4/4/2012,29.17948,-80.59635,26,2,2,4,4,2012
PIM120100101,2,2,4/4/2012,29.17948,-80.59635,26,2,2,4,4,2012
SAM120100402,2,1,4/4/2012,29.52223,-80.8452,22,1,2,4,4,2012
SAM120100301,2,3,4/4/2012,29.67813,-80.96708,20,2,2,4,4,2012
SAM120100203,2,3,4/4/2012,29.93872,-80.95855,23,2,2,4,4,2012
SAM120100203,2,3,4/4/2012,29.93872,-80.95855,23,2,2,4,4,2012
PIM120200401,2,3,4/10/2012,28.92453,-80.34863,31,2,2,4,10,2012
PIM120200402,2,1,4/10/2012,28.92793,-80.35003,32,1,2,4,10,2012
PIM120200403,2,2,4/10/2012,28.92793,-80.35007,32,2,2,4,10,2012
PIM120200403,2,2,4/10/2012,28.92793,-80.35007,32,2,2,4,10,2012
PIM120200402,2,3,4/10/2012,28.92793,-80.35003,32,2,2,4,10,2012
PIM120200403,2,2,4/10/2012,28.92793,-80.35007,32,2,2,4,10,2012
PIM120200403,2,2,4/10/2012,28.92793,-80.35007,32,2,2,4,10,2012
PIM120200403,2,2,4/10/2012,28.92793,-80.35007,32,2,2,4,10,2012
PIM120200403,2,2,4/10/2012,28.92793,-80.35007,32,2,2,4,10,2012
PIM120200403,2,2,4/10/2012,28.92793,-80.35007,32,2,2,4,10,2012
PIM120200403,2,2,4/10/2012,28.92793,-80.35007,32,2,2,4,10,2012
PIM120200403,2,3,4/10/2012,28.92793,-80.35007,32,2,2,4,10,2012
PIM120200403,2,3,4/10/2012,28.92793,-80.35007,32,2,2,4,10,2012
PIM120200402,2,3,4/10/2012,28.92793,-80.35003,32,2,2,4,10,2012
PIM120200403,2,3,4/10/2012,28.92793,-80.35007,32,2,2,4,10,2012
PIM120200301,2,2,4/10/2012,28.98038,-80.18805,53,2,2,4,10,2012
PIM120200301,2,3,4/10/2012,28.98038,-80.18805,53,2,2,4,10,2012
PIM120200301,2,3,4/10/2012,28.98038,-80.18805,53,2,2,4,10,2012
PIM120200301,2,2,4/10/2012,28.98038,-80.18805,53,2,2,4,10,2012
PIM120200301,2,2,4/10/2012,28.98038,-80.18805,53,2,2,4,10,2012
PIM120200301,2,2,4/10/2012,28.98038,-80.18805,53,2,2,4,10,2012
PIM120200301,2,3,4/10/2012,28.98038,-80.18805,53,2,2,4,10,2012
PIM120200501,2,1,4/10/2012,28.98875,-80.42983,23,1,2,4,10,2012
PIM120200501,2,3,4/10/2012,28.98875,-80.42983,23,2,2,4,10,2012
PIM120200501,2,2,4/10/2012,28.98875,-80.42983,23,2,2,4,10,2012
PIM120200501,2,2,4/10/2012,28.98875,-80.42983,23,2,2,4,10,2012
PIM120200501,2,3,4/10/2012,28.98875,-80.42983,23,2,2,4,10,2012
MPM120100503,2,3,4/11/2012,30.34312,-81.19153,21,2,2,4,11,2012
MPM120100303,2,3,4/11/2012,30.38508,-81.16343,24,2,2,4,11,2012
MPM120100101,2,2,4/11/2012,30.43722,-81.22098,23,2,2,4,11,2012
PIM120400101,2,2,4/13/2012,29.00182,-80.43822,24,2,2,4,13,2012
PIM120400101,2,2,4/13/2012,29.00182,-80.43822,24,2,2,4,13,2012
PIM120400101,2,2,4/13/2012,29.00182,-80.43822,24,2,2,4,13,2012
PIM120400101,2,2,4/13/2012,29.00182,-80.43822,24,2,2,4,13,2012
PIM120400101,2,2,4/13/2012,29.00182,-80.43822,24,2,2,4,13,2012
PIM120400101,2,2,4/13/2012,29.00182,-80.43822,24,2,2,4,13,2012
PIM120400102,2,2,4/13/2012,29.0022,-80.43792,24,2,2,4,13,2012
PIM120400103,2,6,4/13/2012,29.0024,-80.4385,24,2,2,4,13,2012
PIM120400203,2,6,4/13/2012,29.10588,-80.41705,27,2,2,4,13,2012
PIM120400203,2,2,4/13/2012,29.10588,-80.41705,27,2,2,4,13,2012
PIM120400203,2,2,4/13/2012,29.10588,-80.41705,27,2,2,4,13,2012
PIM120400203,2,3,4/13/2012,29.10588,-80.41705,27,2,2,4,13,2012
PIM120400203,2,2,4/13/2012,29.10588,-80.41705,27,2,2,4,13,2012
PIM120400203,2,2,4/13/2012,29.10588,-80.41705,27,2,2,4,13,2012
PIM120400203,2,2,4/13/2012,29.10588,-80.41705,27,2,2,4,13,2012
PIM120400203,2,2,4/13/2012,29.10588,-80.41705,27,2,2,4,13,2012
PIM120400203,2,2,4/13/2012,29.10588,-80.41705,27,2,2,4,13,2012
PIM120400203,2,2,4/13/2012,29.10588,-80.41705,27,2,2,4,13,2012
PIM120400203,2,2,4/13/2012,29.10588,-80.41705,27,2,2,4,13,2012
PIM120400203,2,2,4/13/2012,29.10588,-80.41705,27,2,2,4,13,2012
PIM120400203,2,2,4/13/2012,29.10588,-80.41705,27,2,2,4,13,2012
PIM120400203,2,2,4/13/2012,29.10588,-80.41705,27,2,2,4,13,2012
PIM120400501,2,3,4/13/2012,29.20392,-80.77417,21,2,1,4,13,2012
PIM120400501,2,2,4/13/2012,29.20392,-80.77417,21,2,2,4,13,2012
MPM120200301,2,3,4/17/2012,30.16728,-81.15487,22,2,2,4,17,2012
MPM120200403,2,3,4/17/2012,30.20617,-81.16388,24,2,2,4,17,2012
MPM120200403,2,3,4/17/2012,30.20617,-81.16388,24,2,2,4,17,2012
MPM120200403,2,3,4/17/2012,30.20617,-81.16388,24,2,2,4,17,2012
MPM120200403,2,3,4/17/2012,30.20617,-81.16388,24,2,2,4,17,2012
MPM120200403,2,3,4/17/2012,30.20617,-81.16388,24,2,2,4,17,2012
MPM120200403,2,3,4/17/2012,30.20617,-81.16388,24,2,2,4,17,2012
MPM120200403,2,3,4/17/2012,30.20617,-81.16388,24,2,2,4,17,2012
MPM120200203,2,3,4/17/2012,30.20808,-81.00098,28,2,2,4,17,2012
MPM120200203,2,2,4/17/2012,30.20808,-81.00098,28,2,2,4,17,2012
MPM120200203,2,3,4/17/2012,30.20808,-81.00098,28,2,2,4,17,2012
MPM120200203,2,3,4/17/2012,30.20808,-81.00098,28,2,2,4,17,2012
MPM120200201,2,2,4/17/2012,30.2084,-81.00098,28,2,2,4,17,2012
PIM120500101,2,2,4/19/2012,28.49873,-80.27523,43,2,2,4,19,2012
PIM120500101,2,2,4/19/2012,28.49873,-80.27523,43,2,2,4,19,2012
PIM120500101,2,3,4/19/2012,28.49873,-80.27523,43,2,2,4,19,2012
PIM120500101,2,3,4/19/2012,28.49873,-80.27523,43,2,2,4,19,2012
PIM120500203,2,4,4/19/2012,29.04237,-80.17663,67,2,1,4,19,2012
PIM120500203,2,4,4/19/2012,29.04237,-80.17663,67,2,1,4,19,2012
PIM120500203,2,4,4/19/2012,29.04237,-80.17663,67,2,1,4,19,2012
PIM120500203,2,4,4/19/2012,29.04237,-80.17663,67,2,1,4,19,2012
PIM120500203,2,4,4/19/2012,29.04237,-80.17663,67,2,1,4,19,2012
PIM120500203,2,2,4/19/2012,29.04237,-80.17663,67,2,2,4,19,2012
PIM120500203,2,3,4/19/2012,29.04237,-80.17663,67,2,2,4,19,2012
PIM120500203,2,3,4/19/2012,29.04237,-80.17663,67,2,2,4,19,2012
PIM120500501,2,2,4/19/2012,29.07233,-80.3822,32,2,2,4,19,2012
PIM120500501,2,2,4/19/2012,29.07233,-80.3822,32,2,2,4,19,2012
PIM120500501,2,2,4/19/2012,29.07233,-80.3822,32,2,2,4,19,2012
PIM120500501,2,2,4/19/2012,29.07233,-80.3822,32,2,2,4,19,2012
PIM120500501,2,2,4/19/2012,29.07233,-80.3822,32,2,2,4,19,2012
PIM120500501,2,3,4/19/2012,29.07233,-80.3822,32,2,2,4,19,2012
PIM120500501,2,2,4/19/2012,29.07233,-80.3822,32,2,2,4,19,2012
PIM120500501,2,3,4/19/2012,29.07233,-80.3822,32,2,2,4,19,2012
PIM120500501,2,3,4/19/2012,29.07233,-80.3822,32,2,2,4,19,2012
PIM120500501,2,3,4/19/2012,29.07233,-80.3822,32,2,2,4,19,2012
PIM120500501,2,2,4/19/2012,29.07233,-80.3822,32,2,2,4,19,2012
PIM120500501,2,3,4/19/2012,29.07233,-80.3822,32,2,2,4,19,2012
PIM120500501,2,3,4/19/2012,29.07233,-80.3822,32,2,2,4,19,2012
PIM120500502,2,2,4/19/2012,29.07257,-80.38215,32,2,2,4,19,2012
PIM120500301,2,2,4/19/2012,29.14055,-80.20073,67,2,2,4,19,2012
PIM120500301,2,2,4/19/2012,29.14055,-80.20073,67,2,2,4,19,2012
PIM120500301,2,3,4/19/2012,29.14055,-80.20073,67,2,2,4,19,2012
PIM120500301,2,2,4/19/2012,29.14055,-80.20073,67,2,2,4,19,2012
PIM120500301,2,6,4/19/2012,29.14055,-80.20073,67,2,2,4,19,2012
PIM120500301,2,3,4/19/2012,29.14055,-80.20073,67,2,2,4,19,2012
PIM120500301,2,3,4/19/2012,29.14055,-80.20073,67,2,2,4,19,2012
PIM120500302,2,6,4/19/2012,29.14067,-80.20102,67,2,2,4,19,2012
PIM120500302,2,2,4/19/2012,29.14067,-80.20102,67,2,2,4,19,2012
PIM120500303,2,2,4/19/2012,29.1412,-80.2017,67,2,2,4,19,2012
MPM120300701,2,3,4/19/2012,30.41522,-80.3951,38,2,2,4,19,2012
PIM120600101,2,4,4/20/2012,29.20088,-80.24597,50,2,1,4,20,2012
PIM120600101,2,2,4/20/2012,29.20088,-80.24597,50,2,2,4,20,2012
PIM120600101,2,3,4/20/2012,29.20088,-80.24597,50,2,2,4,20,2012
PIM120600101,2,2,4/20/2012,29.20088,-80.24597,50,2,2,4,20,2012
PIM120600101,2,3,4/20/2012,29.20088,-80.24597,50,2,2,4,20,2012
PIM120600101,2,2,4/20/2012,29.20088,-80.24597,50,2,2,4,20,2012
PIM120600102,2,3,4/20/2012,29.20117,-80.24572,50,2,2,4,20,2012
PIM120600103,2,2,4/20/2012,29.202,-80.2459,48,2,2,4,20,2012
PIM120600103,2,2,4/20/2012,29.202,-80.2459,48,2,2,4,20,2012
PIM120600103,2,2,4/20/2012,29.202,-80.2459,48,2,2,4,20,2012
PIM120600403,2,3,4/20/2012,29.32,-80.74612,24,2,2,4,20,2012
PIM120600403,2,3,4/20/2012,29.32,-80.74612,24,2,2,4,20,2012
PIM120600403,2,3,4/20/2012,29.32,-80.74612,24,2,2,4,20,2012
PIM120600403,2,3,4/20/2012,29.32,-80.74612,24,2,2,4,20,2012
PIM120600403,2,3,4/20/2012,29.32,-80.74612,24,2,2,4,20,2012
PIM120600401,2,3,4/20/2012,29.32102,-80.74498,24,2,2,4,20,2012
PIM120600301,2,4,4/20/2012,29.34643,-80.22037,68,2,1,4,20,2012
PCM120200103,2,3,4/25/2012,28.16395,-80.21792,30,2,2,4,25,2012
SAM120200501,2,3,4/25/2012,29.80903,-80.2943,58,2,2,4,25,2012
SAM120200501,2,6,4/25/2012,29.80903,-80.2943,58,2,2,4,25,2012
SAM120200501,2,3,4/25/2012,29.80903,-80.2943,58,2,2,4,25,2012
SAM120200101,2,2,4/25/2012,30.0973,-80.67688,33,2,2,4,25,2012
SAM120200101,2,3,4/25/2012,30.0973,-80.67688,33,2,2,4,25,2012
SAM120200101,2,2,4/25/2012,30.0973,-80.67688,33,2,2,4,25,2012
SAM120200202,2,4,4/25/2012,30.14075,-80.48487,39,2,1,4,25,2012
SAM120200203,2,2,4/25/2012,30.1409,-80.4848,39,2,2,4,25,2012
PCM120300101,2,4,4/26/2012,28.33517,-80.2047,35,2,1,4,26,2012
PCM120300101,2,3,4/26/2012,28.33517,-80.2047,35,2,2,4,26,2012
PCM120300101,2,3,4/26/2012,28.33517,-80.2047,35,2,2,4,26,2012
PCM120300101,2,3,4/26/2012,28.33517,-80.2047,35,2,2,4,26,2012
PCM120300101,2,3,4/26/2012,28.33517,-80.2047,35,2,2,4,26,2012
PCM120300101,2,1,4/26/2012,28.33517,-80.2047,35,1,2,4,26,2012
PCM120300101,2,3,4/26/2012,28.33517,-80.2047,35,2,2,4,26,2012
PCM120300101,2,3,4/26/2012,28.33517,-80.2047,35,2,2,4,26,2012
PCM120300101,2,3,4/26/2012,28.33517,-80.2047,35,2,2,4,26,2012
PCM120300101,2,3,4/26/2012,28.33517,-80.2047,35,2,2,4,26,2012
SAM120200603,2,2,4/26/2012,29.53557,-80.42238,27,2,2,4,26,2012
SAM120200603,2,2,4/26/2012,29.53557,-80.42238,27,2,2,4,26,2012
SAM120200603,2,3,4/26/2012,29.53557,-80.42238,27,2,2,4,26,2012
SAM120200701,2,1,4/26/2012,29.53803,-80.424,36,1,2,4,26,2012
SAM120200701,2,2,4/26/2012,29.53803,-80.424,36,2,2,4,26,2012
SAM120200901,2,3,4/26/2012,29.72583,-80.4613,38,2,2,4,26,2012
SAM120201003,2,1,4/26/2012,29.73973,-80.46833,35,1,2,4,26,2012
SAM120201003,2,2,4/26/2012,29.73973,-80.46833,35,2,2,4,26,2012
PCM120500503,2,3,4/27/2012,28.77297,-80.15442,55,2,2,4,27,2012
PCM120500503,2,3,4/27/2012,28.77297,-80.15442,55,2,2,4,27,2012
PCM120500503,2,3,4/27/2012,28.77297,-80.15442,55,2,2,4,27,2012
PCM120500501,2,3,4/27/2012,28.78,-80.15562,55,2,2,4,27,2012
PCM120500501,2,3,4/27/2012,28.78,-80.15562,55,2,2,4,27,2012
PCM120500403,2,3,4/27/2012,28.79283,-80.08543,74,2,2,4,27,2012
PCM120500403,2,3,4/27/2012,28.79283,-80.08543,74,2,2,4,27,2012
PCM120500202,2,2,4/27/2012,28.86043,-80.25842,40,2,2,4,27,2012
PCM120500203,2,1,4/27/2012,28.8605,-80.25843,40,1,2,4,27,2012
PCM120500203,2,2,4/27/2012,28.8605,-80.25843,40,2,2,4,27,2012
PCM120500203,2,2,4/27/2012,28.8605,-80.25843,40,2,2,4,27,2012
PCM120500203,2,2,4/27/2012,28.8605,-80.25843,40,2,2,4,27,2012
PCM120500203,2,2,4/27/2012,28.8605,-80.25843,40,2,2,4,27,2012
PCM120500203,2,3,4/27/2012,28.8605,-80.25843,40,2,2,4,27,2012
PCM120500203,2,2,4/27/2012,28.8605,-80.25843,40,2,2,4,27,2012
PCM120500203,2,2,4/27/2012,28.8605,-80.25843,40,2,2,4,27,2012
PCM120500203,2,3,4/27/2012,28.8605,-80.25843,40,2,2,4,27,2012
PCM120500203,2,2,4/27/2012,28.8605,-80.25843,40,2,2,4,27,2012
PCM120500203,2,2,4/27/2012,28.8605,-80.25843,40,2,2,4,27,2012
PCM120500203,2,3,4/27/2012,28.8605,-80.25843,40,2,2,4,27,2012
PCM120500203,2,3,4/27/2012,28.8605,-80.25843,40,2,2,4,27,2012
PCM120500203,2,3,4/27/2012,28.8605,-80.25843,40,2,2,4,27,2012
PCM120500203,2,2,4/27/2012,28.8605,-80.25843,40,2,2,4,27,2012
PCM120500203,2,3,4/27/2012,28.8605,-80.25843,40,2,2,4,27,2012
PCM120500203,2,2,4/27/2012,28.8605,-80.25843,40,2,2,4,27,2012
PCM120500203,2,3,4/27/2012,28.8605,-80.25843,40,2,2,4,27,2012
PCM120500203,2,3,4/27/2012,28.8605,-80.25843,40,2,2,4,27,2012
PCM120500203,2,3,4/27/2012,28.8605,-80.25843,40,2,2,4,27,2012
PCM120500101,2,3,4/27/2012,28.87915,-80.32845,30,2,2,4,27,2012
PCM120500101,2,3,4/27/2012,28.87915,-80.32845,30,2,2,4,27,2012
PCM120500101,2,3,4/27/2012,28.87915,-80.32845,30,2,2,4,27,2012
PCM120500101,2,2,4/27/2012,28.87915,-80.32845,30,2,2,4,27,2012
PCM120500101,2,2,4/27/2012,28.87915,-80.32845,30,2,2,4,27,2012
PCM120500101,2,3,4/27/2012,28.87915,-80.32845,30,2,2,4,27,2012
PCM120500101,2,3,4/27/2012,28.87915,-80.32845,30,2,2,4,27,2012
MPM120400502,2,3,4/28/2012,30.37387,-80.83853,30,2,2,4,28,2012
MPM120400501,2,3,4/28/2012,30.37397,-80.83818,30,2,2,4,28,2012
MPM120400501,2,3,4/28/2012,30.37397,-80.83818,30,2,2,4,28,2012
MPM120400501,2,2,4/28/2012,30.37397,-80.83818,30,2,2,4,28,2012
MPM120400501,2,2,4/28/2012,30.37397,-80.83818,30,2,2,4,28,2012
MPM120400501,2,3,4/28/2012,30.37397,-80.83818,30,2,2,4,28,2012
MPM120400501,2,3,4/28/2012,30.37397,-80.83818,30,2,2,4,28,2012
MPM120400501,2,3,4/28/2012,30.37397,-80.83818,30,2,2,4,28,2012
MPM120400501,2,2,4/28/2012,30.37397,-80.83818,30,2,2,4,28,2012
MPM120400501,2,3,4/28/2012,30.37397,-80.83818,30,2,2,4,28,2012
MPM120400501,2,2,4/28/2012,30.37397,-80.83818,30,2,2,4,28,2012
MPM120400501,2,3,4/28/2012,30.37397,-80.83818,30,2,2,4,28,2012
MPM120400301,2,3,4/28/2012,30.50417,-80.59878,36,2,2,4,28,2012
MPM120400301,2,2,4/28/2012,30.50417,-80.59878,36,2,2,4,28,2012
MPM120400301,2,3,4/28/2012,30.50417,-80.59878,36,2,2,4,28,2012
MPM120400301,2,2,4/28/2012,30.50417,-80.59878,36,2,2,4,28,2012
PIM120700401,2,2,5/3/2012,29.14302,-80.51195,23,2,2,5,3,2012
PIM120700501,2,3,5/3/2012,29.16555,-80.55527,24,2,2,5,3,2012
PIM120700501,2,3,5/3/2012,29.16555,-80.55527,24,2,2,5,3,2012
PIM120700501,2,3,5/3/2012,29.16555,-80.55527,24,2,2,5,3,2012
PIM120700501,2,3,5/3/2012,29.16555,-80.55527,24,2,2,5,3,2012
PIM120700501,2,3,5/3/2012,29.16555,-80.55527,24,2,2,5,3,2012
PIM120700503,2,3,5/3/2012,29.16725,-80.55317,24,2,2,5,3,2012
PIM120700602,2,3,5/3/2012,29.17217,-80.5938,25,2,2,5,3,2012
PIM120700602,2,3,5/3/2012,29.17217,-80.5938,25,2,2,5,3,2012
PIM120700602,2,3,5/3/2012,29.17217,-80.5938,25,2,2,5,3,2012
PCM120600301,2,3,5/7/2012,28.11267,-80.25125,24,2,1,5,7,2012
PCM120600301,2,3,5/7/2012,28.11267,-80.25125,24,2,2,5,7,2012
PCM120600301,2,3,5/7/2012,28.11267,-80.25125,24,2,2,5,7,2012
PCM120600301,2,2,5/7/2012,28.11267,-80.25125,24,2,2,5,7,2012
PCM120600301,2,2,5/7/2012,28.11267,-80.25125,24,2,2,5,7,2012
PCM120600301,2,3,5/7/2012,28.11267,-80.25125,24,2,2,5,7,2012
PCM120600301,2,2,5/7/2012,28.11267,-80.25125,24,2,2,5,7,2012
PCM120600301,2,2,5/7/2012,28.11267,-80.25125,24,2,2,5,7,2012
PCM120600301,2,3,5/7/2012,28.11267,-80.25125,24,2,2,5,7,2012
PCM120600403,2,4,5/7/2012,28.13308,-80.24983,23,2,1,5,7,2012
PCM120600403,2,2,5/7/2012,28.13308,-80.24983,23,2,2,5,7,2012
PCM120600403,2,3,5/7/2012,28.13308,-80.24983,23,2,2,5,7,2012
PCM120600403,2,2,5/7/2012,28.13308,-80.24983,23,2,2,5,7,2012
PCM120600403,2,3,5/7/2012,28.13308,-80.24983,23,2,2,5,7,2012
PCM120600403,2,3,5/7/2012,28.13308,-80.24983,23,2,2,5,7,2012
PCM120600403,2,3,5/7/2012,28.13308,-80.24983,23,2,2,5,7,2012
PCM120600403,2,3,5/7/2012,28.13308,-80.24983,23,2,2,5,7,2012
PCM120600403,2,3,5/7/2012,28.13308,-80.24983,23,2,2,5,7,2012
PCM120700301,2,2,5/9/2012,28.52773,-80.3511,23,2,2,5,9,2012
PCM120700301,2,3,5/9/2012,28.52773,-80.3511,23,2,2,5,9,2012
PCM120700301,2,3,5/9/2012,28.52773,-80.3511,23,2,2,5,9,2012
PCM120700203,2,3,5/9/2012,28.6497,-80.29885,31,2,2,5,9,2012
PCM120700203,2,3,5/9/2012,28.6497,-80.29885,31,2,2,5,9,2012
PCM120700201,2,3,5/9/2012,28.65043,-80.29883,30,2,2,5,9,2012
PCM120700101,2,4,5/9/2012,28.67813,-80.4996,15,2,1,5,9,2012
PCM120700101,2,4,5/9/2012,28.67813,-80.4996,15,2,1,5,9,2012
PCM120700101,2,2,5/9/2012,28.67813,-80.4996,15,2,2,5,9,2012
PCM120700101,2,2,5/9/2012,28.67813,-80.4996,15,2,2,5,9,2012
PCM120700101,2,4,5/9/2012,28.67813,-80.4996,15,2,2,5,9,2012
PCM120700101,2,3,5/9/2012,28.67813,-80.4996,15,2,2,5,9,2012
PCM120700101,2,2,5/9/2012,28.67813,-80.4996,15,2,2,5,9,2012
PCM120700101,2,3,5/9/2012,28.67813,-80.4996,15,2,2,5,9,2012
PCM120700101,2,3,5/9/2012,28.67813,-80.4996,15,2,2,5,9,2012
PCM120700101,2,3,5/9/2012,28.67813,-80.4996,15,2,2,5,9,2012
PCM120700101,2,3,5/9/2012,28.67813,-80.4996,15,2,2,5,9,2012
PCM120700103,2,3,5/9/2012,28.67823,-80.49958,15,2,2,5,9,2012
MPM120500301,2,4,5/9/2012,30.25352,-80.96557,31,2,2,5,9,2012
MPM120500301,2,3,5/9/2012,30.25352,-80.96557,31,2,2,5,9,2012
MPM120500301,2,3,5/9/2012,30.25352,-80.96557,31,2,2,5,9,2012
MPM120500301,2,3,5/9/2012,30.25352,-80.96557,31,2,2,5,9,2012
MPM120500203,2,4,5/9/2012,30.25652,-80.96623,30,2,1,5,9,2012
MPM120500203,2,4,5/9/2012,30.25652,-80.96623,30,2,1,5,9,2012
MPM120500203,2,4,5/9/2012,30.25652,-80.96623,30,2,1,5,9,2012
MPM120500203,2,3,5/9/2012,30.25652,-80.96623,30,2,2,5,9,2012
PCM120800201,2,4,5/15/2012,28.28572,-80.04615,65,2,1,5,15,2012
MPM120600101,2,4,5/15/2012,30.29163,-80.82155,31,2,1,5,15,2012
MPM120600101,2,4,5/15/2012,30.29163,-80.82155,31,2,1,5,15,2012
MPM120600101,2,3,5/15/2012,30.29163,-80.82155,31,2,2,5,15,2012
MPM120600101,2,3,5/15/2012,30.29163,-80.82155,31,2,2,5,15,2012
MPM120600201,2,4,5/15/2012,30.34372,-80.63935,34,2,1,5,15,2012
MPM120600201,2,4,5/15/2012,30.34372,-80.63935,34,2,1,5,15,2012
MPM120600202,2,4,5/15/2012,30.34372,-80.63935,34,2,1,5,15,2012
MPM120600203,2,4,5/15/2012,30.34455,-80.63933,35,2,1,5,15,2012
MPM120600403,2,3,5/15/2012,30.3648,-80.7384,31,2,2,5,15,2012
MPM120600403,2,3,5/15/2012,30.3648,-80.7384,31,2,2,5,15,2012
MPM120600501,2,3,5/15/2012,30.37393,-80.83782,29,2,2,5,15,2012
MPM120600501,2,3,5/15/2012,30.37393,-80.83782,29,2,2,5,15,2012
MPM120600501,2,3,5/15/2012,30.37393,-80.83782,29,2,2,5,15,2012
MPM120600501,2,3,5/15/2012,30.37393,-80.83782,29,2,2,5,15,2012
MPM120600501,2,3,5/15/2012,30.37393,-80.83782,29,2,2,5,15,2012
MPM120600501,2,3,5/15/2012,30.37393,-80.83782,29,2,2,5,15,2012
MPM120600501,2,3,5/15/2012,30.37393,-80.83782,29,2,2,5,15,2012
MPM120600501,2,3,5/15/2012,30.37393,-80.83782,29,2,2,5,15,2012
MPM120600501,2,3,5/15/2012,30.37393,-80.83782,29,2,2,5,15,2012
MPM120600501,2,3,5/15/2012,30.37393,-80.83782,29,2,2,5,15,2012
PIM120800101,2,4,5/16/2012,29.3277,-80.27452,48,2,1,5,16,2012
PIM120800101,2,4,5/16/2012,29.3277,-80.27452,48,2,1,5,16,2012
PIM120800101,2,4,5/16/2012,29.3277,-80.27452,48,2,1,5,16,2012
PIM120800101,2,2,5/16/2012,29.3277,-80.27452,48,2,2,5,16,2012
PIM120800101,2,3,5/16/2012,29.3277,-80.27452,48,2,2,5,16,2012
PIM120800101,2,2,5/16/2012,29.3277,-80.27452,48,2,2,5,16,2012
PIM120800301,2,3,5/16/2012,29.33623,-80.3569,37,2,2,5,16,2012
PIM120800501,2,3,5/16/2012,29.36348,-80.43032,29,2,1,5,16,2012
PIM120800501,2,3,5/16/2012,29.36348,-80.43032,29,2,1,5,16,2012
PIM120800501,2,3,5/16/2012,29.36348,-80.43032,29,2,2,5,16,2012
PIM120800501,2,3,5/16/2012,29.36348,-80.43032,29,2,2,5,16,2012
PIM120800401,2,4,5/16/2012,29.3643,-80.43085,30,2,1,5,16,2012
PIM120800403,2,3,5/16/2012,29.36462,-80.43132,29,2,2,5,16,2012
SAM120300403,2,3,5/16/2012,29.84933,-80.98527,24,2,2,5,16,2012
SAM120300201,2,3,5/16/2012,29.89233,-80.58098,36,2,2,5,16,2012
SAM120300201,2,3,5/16/2012,29.89233,-80.58098,36,2,2,5,16,2012
SAM120300101,2,2,5/16/2012,29.91217,-80.5418,36,2,2,5,16,2012
SAM120300101,2,3,5/16/2012,29.91217,-80.5418,36,2,2,5,16,2012
PCM120900203,2,4,5/17/2012,28.41985,-80.33198,29,2,1,5,17,2012
PCM120900203,2,4,5/17/2012,28.41985,-80.33198,29,2,1,5,17,2012
PCM120900203,2,4,5/17/2012,28.41985,-80.33198,29,2,1,5,17,2012
PCM120900203,2,4,5/17/2012,28.41985,-80.33198,29,2,1,5,17,2012
PCM120900203,2,4,5/17/2012,28.41985,-80.33198,29,2,1,5,17,2012
PCM120900203,2,4,5/17/2012,28.41985,-80.33198,29,2,1,5,17,2012
PCM120900203,2,4,5/17/2012,28.41985,-80.33198,29,2,1,5,17,2012
PCM120900203,2,4,5/17/2012,28.41985,-80.33198,29,2,1,5,17,2012
PCM120900203,2,4,5/17/2012,28.41985,-80.33198,29,2,1,5,17,2012
PCM120900203,2,2,5/17/2012,28.41985,-80.33198,29,2,2,5,17,2012
PCM120900203,2,2,5/17/2012,28.41985,-80.33198,29,2,2,5,17,2012
PCM120900203,2,2,5/17/2012,28.41985,-80.33198,29,2,2,5,17,2012
PCM120900203,2,2,5/17/2012,28.41985,-80.33198,29,2,2,5,17,2012
PCM120900203,2,2,5/17/2012,28.41985,-80.33198,29,2,2,5,17,2012
PCM120900203,2,3,5/17/2012,28.41985,-80.33198,29,2,2,5,17,2012
PCM120900203,2,3,5/17/2012,28.41985,-80.33198,29,2,2,5,17,2012
PCM120900501,2,1,5/17/2012,28.81808,-80.2504,37,1,2,5,17,2012
PCM120900403,2,3,5/17/2012,28.85343,-80.32387,30,2,2,5,17,2012
PCM120900302,2,4,5/17/2012,28.85658,-80.32505,29,2,1,5,17,2012
PCM120900302,2,3,5/17/2012,28.85658,-80.32505,29,2,2,5,17,2012
PCM120900301,2,4,5/17/2012,28.85698,-80.32558,28,2,1,5,17,2012
PCM120900301,2,4,5/17/2012,28.85698,-80.32558,28,2,1,5,17,2012
PCM120900301,2,4,5/17/2012,28.85698,-80.32558,28,2,1,5,17,2012
PCM120900301,2,4,5/17/2012,28.85698,-80.32558,28,2,1,5,17,2012
PCM120900301,2,4,5/17/2012,28.85698,-80.32558,28,2,1,5,17,2012
PCM120900301,2,4,5/17/2012,28.85698,-80.32558,28,2,1,5,17,2012
PCM120900301,2,3,5/17/2012,28.85698,-80.32558,28,2,2,5,17,2012
PCM120900301,2,2,5/17/2012,28.85698,-80.32558,28,2,2,5,17,2012
PCM120900301,2,3,5/17/2012,28.85698,-80.32558,28,2,2,5,17,2012
PCM120900301,2,3,5/17/2012,28.85698,-80.32558,28,2,2,5,17,2012
PCM120900201,2,4,5/17/2012,28.86995,-80.33185,30,2,1,5,17,2012
PCM120900201,2,4,5/17/2012,28.86995,-80.33185,30,2,1,5,17,2012
PCM120900202,2,4,5/17/2012,28.87,-80.33208,29,2,1,5,17,2012
PCM120900103,2,4,5/17/2012,28.8794,-80.3283,30,2,1,5,17,2012
MPM120800203,2,3,5/17/2012,30.55572,-81.06642,23,2,2,5,17,2012
MPM120800101,2,4,5/17/2012,30.57955,-81.1457,21,2,1,5,17,2012
SAM120400101,2,4,5/22/2012,29.99373,-80.61018,37,2,1,5,22,2012
SAM120400101,2,3,5/22/2012,29.99373,-80.61018,37,2,2,5,22,2012
SAM120400203,2,4,5/22/2012,30.00848,-80.56453,40,2,1,5,22,2012
SAM120400203,2,4,5/22/2012,30.00848,-80.56453,40,2,1,5,22,2012
SAM120400203,2,4,5/22/2012,30.00848,-80.56453,40,2,1,5,22,2012
SAM120400902,2,4,5/23/2012,29.76008,-80.53638,36,2,1,5,23,2012
SAM120400902,2,3,5/23/2012,29.76008,-80.53638,36,2,2,5,23,2012
SAM120400902,2,3,5/23/2012,29.76008,-80.53638,36,2,2,5,23,2012
SAM120400902,2,3,5/23/2012,29.76008,-80.53638,36,2,2,5,23,2012
SAM120400901,2,3,5/23/2012,29.76052,-80.53612,36,2,2,5,23,2012
SAM120400901,2,3,5/23/2012,29.76052,-80.53612,36,2,2,5,23,2012
SAM120400901,2,3,5/23/2012,29.76052,-80.53612,36,2,2,5,23,2012
SAM120400901,2,3,5/23/2012,29.76052,-80.53612,36,2,2,5,23,2012
SAM120400901,2,3,5/23/2012,29.76052,-80.53612,36,2,2,5,23,2012
SAM120400901,2,3,5/23/2012,29.76052,-80.53612,36,2,2,5,23,2012
SAM120400701,2,3,5/23/2012,29.76737,-80.4539,37,2,2,5,23,2012
SAM120401001,2,4,5/23/2012,29.79052,-80.62393,30,2,1,5,23,2012
SAM120401001,2,4,5/23/2012,29.79052,-80.62393,30,2,1,5,23,2012
SAM120401101,2,3,5/23/2012,29.90297,-80.80018,27,2,2,5,23,2012
SAM120401101,2,3,5/23/2012,29.90297,-80.80018,27,2,2,5,23,2012
SAM120401101,2,3,5/23/2012,29.90297,-80.80018,27,2,2,5,23,2012
SAM120401101,2,3,5/23/2012,29.90297,-80.80018,27,2,2,5,23,2012
SAM120401101,2,3,5/23/2012,29.90297,-80.80018,27,2,2,5,23,2012
SAM120401101,2,3,5/23/2012,29.90297,-80.80018,27,2,2,5,23,2012
SAM120401101,2,3,5/23/2012,29.90297,-80.80018,27,2,2,5,23,2012
SAM120401101,2,3,5/23/2012,29.90297,-80.80018,27,2,2,5,23,2012
PIM121000202,2,4,5/24/2012,29.0825,-80.25427,46,2,1,5,24,2012
PIM121000203,2,4,5/24/2012,29.08255,-80.25418,46,2,1,5,24,2012
PIM121000203,2,4,5/24/2012,29.08255,-80.25418,46,2,1,5,24,2012
PIM121000203,2,3,5/24/2012,29.08255,-80.25418,46,2,2,5,24,2012
PIM121000203,2,3,5/24/2012,29.08255,-80.25418,46,2,2,5,24,2012
PIM121000203,2,3,5/24/2012,29.08255,-80.25418,46,2,2,5,24,2012
PIM121000203,2,3,5/24/2012,29.08255,-80.25418,46,2,2,5,24,2012
PIM121000203,2,3,5/24/2012,29.08255,-80.25418,46,2,2,5,24,2012
PIM121000201,2,4,5/24/2012,29.08275,-80.25425,46,2,1,5,24,2012
PIM121000302,2,4,5/24/2012,29.20078,-80.24608,52,2,1,5,24,2012
PIM121000303,2,2,5/24/2012,29.20233,-80.24658,52,2,2,5,24,2012
PIM121000303,2,3,5/24/2012,29.20233,-80.24658,52,2,2,5,24,2012
PIX121000601,2,3,5/24/2012,29.32048,-80.40143,29,2,1,5,24,2012
PIX121000601,2,3,5/24/2012,29.32048,-80.40143,29,2,2,5,24,2012
PIX121000601,2,3,5/24/2012,29.32048,-80.40143,29,2,2,5,24,2012
PIX121000601,2,3,5/24/2012,29.32048,-80.40143,29,2,2,5,24,2012
PIX121000601,2,3,5/24/2012,29.32048,-80.40143,29,2,2,5,24,2012
PIX121000601,2,3,5/24/2012,29.32048,-80.40143,29,2,2,5,24,2012
PIX121000601,2,3,5/24/2012,29.32048,-80.40143,29,2,2,5,24,2012
PIM121100301,2,4,5/30/2012,28.94958,-80.36227,30,2,1,5,30,2012
PIM121100301,2,4,5/30/2012,28.94958,-80.36227,30,2,1,5,30,2012
PIM121100301,2,4,5/30/2012,28.94958,-80.36227,30,2,1,5,30,2012
PIM121100301,2,4,5/30/2012,28.94958,-80.36227,30,2,1,5,30,2012
PIM121100301,2,4,5/30/2012,28.94958,-80.36227,30,2,1,5,30,2012
PIM121100301,2,4,5/30/2012,28.94958,-80.36227,30,2,1,5,30,2012
PIM121100301,2,4,5/30/2012,28.94958,-80.36227,30,2,1,5,30,2012
PIM121100301,2,4,5/30/2012,28.94958,-80.36227,30,2,1,5,30,2012
PIM121100302,2,2,5/30/2012,28.94958,-80.36217,30,2,2,5,30,2012
PIX121100101,2,4,5/30/2012,28.98348,-80.40137,28,2,1,5,30,2012
PIM121100101,2,4,5/30/2012,28.9934,-80.46712,24,2,1,5,30,2012
PIM121100101,2,4,5/30/2012,28.9934,-80.46712,24,2,1,5,30,2012
PIM121100103,2,3,5/30/2012,28.9948,-80.46765,24,2,2,5,30,2012
PIM121200501,2,3,5/31/2012,29.15332,-80.82562,21,2,1,5,31,2012
PIM121200501,2,3,5/31/2012,29.15332,-80.82562,21,2,2,5,31,2012
PIM121200501,2,3,5/31/2012,29.15332,-80.82562,21,2,2,5,31,2012
PIM121200501,2,3,5/31/2012,29.15332,-80.82562,21,2,2,5,31,2012
PIM121200402,2,4,5/31/2012,29.32502,-80.73048,26,2,1,5,31,2012
PIM121200402,2,3,5/31/2012,29.32502,-80.73048,26,2,1,5,31,2012
PIM121200402,2,3,5/31/2012,29.32502,-80.73048,26,2,2,5,31,2012
PIM121200402,2,3,5/31/2012,29.32502,-80.73048,26,2,2,5,31,2012
PIM121200102,2,4,5/31/2012,29.36652,-80.466,28,2,1,5,31,2012
PIM121200101,2,4,5/31/2012,29.36662,-80.46618,28,2,1,5,31,2012
PIM121200101,2,4,5/31/2012,29.36662,-80.46618,28,2,1,5,31,2012
PIM121200101,2,4,5/31/2012,29.36662,-80.46618,28,2,1,5,31,2012
PIM121200101,2,4,5/31/2012,29.36662,-80.46618,28,2,1,5,31,2012
PIM121200101,2,4,5/31/2012,29.36662,-80.46618,28,2,1,5,31,2012
PIM121200101,2,4,5/31/2012,29.36662,-80.46618,28,2,1,5,31,2012
PIM121200101,2,4,5/31/2012,29.36662,-80.46618,28,2,1,5,31,2012
PIM121200101,2,3,5/31/2012,29.36662,-80.46618,28,2,2,5,31,2012
PIM121200101,2,3,5/31/2012,29.36662,-80.46618,28,2,2,5,31,2012
PIM121200103,2,4,5/31/2012,29.36732,-80.46583,28,2,1,5,31,2012
PIM121200201,2,4,5/31/2012,29.46872,-80.43975,32,2,1,5,31,2012
PIM121200201,2,4,5/31/2012,29.46872,-80.43975,32,2,1,5,31,2012
PIM121200201,2,4,5/31/2012,29.46872,-80.43975,32,2,1,5,31,2012
PIM121200203,2,4,5/31/2012,29.47232,-80.4413,32,2,1,5,31,2012
PIM121200203,2,4,5/31/2012,29.47232,-80.4413,32,2,1,5,31,2012
PIM121200203,2,4,5/31/2012,29.47232,-80.4413,32,2,1,5,31,2012
PIM121200203,2,4,5/31/2012,29.47232,-80.4413,32,2,1,5,31,2012
PIM121200203,2,4,5/31/2012,29.47232,-80.4413,32,2,1,5,31,2012
PIM121200203,2,4,5/31/2012,29.47232,-80.4413,32,2,1,5,31,2012
PIM121200203,2,4,5/31/2012,29.47232,-80.4413,32,2,1,5,31,2012
PIM121200203,2,4,5/31/2012,29.47232,-80.4413,32,2,1,5,31,2012
PIM121200203,2,4,5/31/2012,29.47232,-80.4413,32,2,1,5,31,2012
PIM121200203,2,4,5/31/2012,29.47232,-80.4413,32,2,1,5,31,2012
PIM121200203,2,3,5/31/2012,29.47232,-80.4413,32,2,2,5,31,2012
PIM121200203,2,3,5/31/2012,29.47232,-80.4413,32,2,2,5,31,2012
PIM121200203,2,3,5/31/2012,29.47232,-80.4413,32,2,2,5,31,2012
PIM121200301,2,4,5/31/2012,29.57758,-80.46893,32,2,1,5,31,2012
PIM121200301,2,4,5/31/2012,29.57758,-80.46893,32,2,1,5,31,2012
PIM121200302,2,3,5/31/2012,29.5777,-80.4693,32,2,2,5,31,2012
MPM120900103,2,3,5/31/2012,30.5116,-80.64033,33,2,2,5,31,2012
MPM120900103,2,3,5/31/2012,30.5116,-80.64033,33,2,2,5,31,2012
MPM120900101,2,4,5/31/2012,30.51187,-80.64018,33,2,1,5,31,2012
MPM120900101,2,3,5/31/2012,30.51187,-80.64018,33,2,2,5,31,2012
MPM120900101,2,3,5/31/2012,30.51187,-80.64018,33,2,2,5,31,2012
MPM120900101,2,3,5/31/2012,30.51187,-80.64018,33,2,2,5,31,2012
MPM120900101,2,3,5/31/2012,30.51187,-80.64018,33,2,2,5,31,2012
MPM120900101,2,3,5/31/2012,30.51187,-80.64018,33,2,2,5,31,2012
MPM120900101,2,3,5/31/2012,30.51187,-80.64018,33,2,2,5,31,2012
MPM120900101,2,3,5/31/2012,30.51187,-80.64018,33,2,2,5,31,2012
MPM120900203,2,3,5/31/2012,30.51997,-80.46752,37,2,2,5,31,2012
PCM121000101,2,4,6/4/2012,28.82998,-80.43813,20,2,1,6,4,2012
PCM121000101,2,4,6/4/2012,28.82998,-80.43813,20,2,1,6,4,2012
PCM121000101,2,4,6/4/2012,28.82998,-80.43813,20,2,1,6,4,2012
PCM121000101,2,3,6/4/2012,28.82998,-80.43813,20,2,2,6,4,2012
PCM121000201,2,4,6/4/2012,28.84147,-80.43748,19,2,1,6,4,2012
PCM121000201,2,4,6/4/2012,28.84147,-80.43748,19,2,1,6,4,2012
PCM121000203,2,4,6/4/2012,28.84212,-80.43777,19,2,1,6,4,2012
PCM121000203,2,4,6/4/2012,28.84212,-80.43777,19,2,1,6,4,2012
PCM121000203,2,4,6/4/2012,28.84212,-80.43777,19,2,1,6,4,2012
PCM121000203,2,4,6/4/2012,28.84212,-80.43777,19,2,1,6,4,2012
PCM121000203,2,4,6/4/2012,28.84212,-80.43777,19,2,1,6,4,2012
PCM121000203,2,4,6/4/2012,28.84212,-80.43777,19,2,1,6,4,2012
PCM121000203,2,4,6/4/2012,28.84212,-80.43777,19,2,1,6,4,2012
PCM121000203,2,4,6/4/2012,28.84212,-80.43777,19,2,1,6,4,2012
PCM121000203,2,4,6/4/2012,28.84212,-80.43777,19,2,1,6,4,2012
PCM121000203,2,4,6/4/2012,28.84212,-80.43777,19,2,1,6,4,2012
PCM121000203,2,3,6/4/2012,28.84212,-80.43777,19,2,2,6,4,2012
PCM121000503,2,3,6/4/2012,28.87922,-80.3291,32,2,2,6,4,2012
PCM121000501,2,3,6/4/2012,28.87938,-80.3288,36,2,1,6,4,2012
PCM121000501,2,3,6/4/2012,28.87938,-80.3288,36,2,1,6,4,2012
PCM121000501,2,3,6/4/2012,28.87938,-80.3288,36,2,1,6,4,2012
PCM121000501,2,3,6/4/2012,28.87938,-80.3288,36,2,2,6,4,2012
PCM121000501,2,3,6/4/2012,28.87938,-80.3288,36,2,2,6,4,2012
SAM120500101,2,4,6/4/2012,30.35757,-80.4463,38,2,1,6,4,2012
PIM121400203,2,3,6/11/2012,28.99492,-80.46635,23,2,2,6,11,2012
PIM121400203,2,4,6/11/2012,28.99492,-80.46635,23,2,2,6,11,2012
PIM121400203,2,3,6/11/2012,28.99492,-80.46635,23,2,2,6,11,2012
PIM121400203,2,3,6/11/2012,28.99492,-80.46635,23,2,2,6,11,2012
PIM121400203,2,3,6/11/2012,28.99492,-80.46635,23,2,2,6,11,2012
PIM121400203,2,3,6/11/2012,28.99492,-80.46635,23,2,2,6,11,2012
PIM121400202,2,3,6/11/2012,28.99492,-80.48302,23,2,2,6,11,2012
PIM121400203,2,3,6/11/2012,28.99492,-80.46635,23,2,2,6,11,2012
PIM121400203,2,3,6/11/2012,28.99492,-80.46635,23,2,2,6,11,2012
PIM121400203,2,5,6/11/2012,28.99492,-80.46635,23,2,2,6,11,2012
PIM121400203,2,3,6/11/2012,28.99492,-80.46635,23,2,2,6,11,2012
PIM121400203,2,3,6/11/2012,28.99492,-80.46635,23,2,2,6,11,2012
PIM121400203,2,3,6/11/2012,28.99492,-80.46635,23,2,2,6,11,2012
PIM121400301,2,3,6/11/2012,29.00827,-80.46653,22,2,2,6,11,2012
PIM121400501,2,3,6/11/2012,29.03568,-80.48003,21,2,2,6,11,2012
MPM121100402,2,3,6/12/2012,30.3855,-81.17787,23,2,2,6,12,2012
PIM121500101,2,4,6/13/2012,29.35073,-80.45293,27,2,1,6,13,2012
PIM121500101,2,4,6/13/2012,29.35073,-80.45293,27,2,1,6,13,2012
PIM121500101,2,4,6/13/2012,29.35073,-80.45293,27,2,1,6,13,2012
PIM121500101,2,4,6/13/2012,29.35073,-80.45293,27,2,1,6,13,2012
PIM121500101,2,4,6/13/2012,29.35073,-80.45293,27,2,1,6,13,2012
PIM121500101,2,3,6/13/2012,29.35073,-80.45293,27,2,2,6,13,2012
PIM121500101,2,4,6/13/2012,29.35073,-80.45293,27,2,2,6,13,2012
PIM121500201,2,4,6/13/2012,29.38747,-80.45242,29,2,1,6,13,2012
PIM121500201,2,4,6/13/2012,29.38747,-80.45242,29,2,1,6,13,2012
PIM121500202,2,4,6/13/2012,29.38793,-80.45267,28,2,1,6,13,2012
PIM121500202,2,4,6/13/2012,29.38793,-80.45267,28,2,1,6,13,2012
PIM121500202,2,4,6/13/2012,29.38793,-80.45267,28,2,1,6,13,2012
PIM121500202,2,4,6/13/2012,29.38793,-80.45267,28,2,1,6,13,2012
PIM121500202,2,4,6/13/2012,29.38793,-80.45267,28,2,1,6,13,2012
PIM121500202,2,4,6/13/2012,29.38793,-80.45267,28,2,1,6,13,2012
PIM121500202,2,4,6/13/2012,29.38793,-80.45267,28,2,1,6,13,2012
PIM121500202,2,4,6/13/2012,29.38793,-80.45267,28,2,1,6,13,2012
PIM121500202,2,4,6/13/2012,29.38793,-80.45267,28,2,1,6,13,2012
PIM121500202,2,4,6/13/2012,29.38793,-80.45267,28,2,1,6,13,2012
PIM121500202,2,4,6/13/2012,29.38793,-80.45267,28,2,1,6,13,2012
PIM121500202,2,4,6/13/2012,29.38793,-80.45267,28,2,1,6,13,2012
PIM121500202,2,4,6/13/2012,29.38793,-80.45267,28,2,1,6,13,2012
PIM121500301,2,4,6/13/2012,29.4056,-80.35455,41,2,1,6,13,2012
PIM121500301,2,4,6/13/2012,29.4056,-80.35455,41,2,1,6,13,2012
PIM121500301,2,4,6/13/2012,29.4056,-80.35455,41,2,1,6,13,2012
PIM121500301,2,4,6/13/2012,29.4056,-80.35455,41,2,1,6,13,2012
PIM121500301,2,4,6/13/2012,29.4056,-80.35455,41,2,1,6,13,2012
PIM121500301,2,4,6/13/2012,29.4056,-80.35455,41,2,1,6,13,2012
PIM121500301,2,4,6/13/2012,29.4056,-80.35455,41,2,1,6,13,2012
PIM121500301,2,4,6/13/2012,29.4056,-80.35455,41,2,1,6,13,2012
PIM121500301,2,4,6/13/2012,29.4056,-80.35455,41,2,1,6,13,2012
PIM121500301,2,4,6/13/2012,29.4056,-80.35455,41,2,1,6,13,2012
PIM121500301,2,4,6/13/2012,29.4056,-80.35455,41,2,1,6,13,2012
PIM121500301,2,4,6/13/2012,29.4056,-80.35455,41,2,2,6,13,2012
PIM121500402,2,4,6/13/2012,29.42862,-80.2808,45,2,1,6,13,2012
PIM121500402,2,4,6/13/2012,29.42862,-80.2808,45,2,1,6,13,2012
PIM121500402,2,4,6/13/2012,29.42862,-80.2808,45,2,1,6,13,2012
PIM121500402,2,3,6/13/2012,29.42862,-80.2808,45,2,2,6,13,2012
PIX121500201,2,3,6/13/2012,29.52905,-80.40328,38,2,1,6,13,2012
PIM121500501,2,3,6/13/2012,29.53763,-80.38642,39,2,1,6,13,2012
PIM121500503,2,3,6/13/2012,29.5455,-80.38578,41,2,2,6,13,2012
PCM121100103,2,4,6/14/2012,28.2539,-80.37288,18,2,2,6,14,2012
PCM121100101,2,4,6/14/2012,28.25413,-80.37218,18,2,1,6,14,2012
PCM121100101,2,4,6/14/2012,28.25413,-80.37218,18,2,1,6,14,2012
PCM121100101,2,4,6/14/2012,28.25413,-80.37218,18,2,1,6,14,2012
PCM121100101,2,4,6/14/2012,28.25413,-80.37218,18,2,1,6,14,2012
PCM121100101,2,4,6/14/2012,28.25413,-80.37218,18,2,1,6,14,2012
PCM121100101,2,4,6/14/2012,28.25413,-80.37218,18,2,2,6,14,2012
PCM121100101,2,4,6/14/2012,28.25413,-80.37218,18,2,2,6,14,2012
PCM121100501,2,4,6/14/2012,28.31158,-80.38733,17,2,1,6,14,2012
PCM121100501,2,3,6/14/2012,28.31158,-80.38733,17,2,1,6,14,2012
PCM121100501,2,3,6/14/2012,28.31158,-80.38733,17,2,2,6,14,2012
PCM121100501,2,3,6/14/2012,28.31158,-80.38733,17,2,2,6,14,2012
PCM121100501,2,3,6/14/2012,28.31158,-80.38733,17,2,2,6,14,2012
PCM121100501,2,3,6/14/2012,28.31158,-80.38733,17,2,2,6,14,2012
PCM121100501,2,3,6/14/2012,28.31158,-80.38733,17,2,2,6,14,2012
MPM121200403,2,3,6/29/2012,30.21182,-81.01155,27,2,1,6,29,2012
MPM121200403,2,3,6/29/2012,30.21182,-81.01155,27,2,2,6,29,2012
MPM121200403,2,3,6/29/2012,30.21182,-81.01155,27,2,2,6,29,2012
MPM121200501,2,3,6/29/2012,30.27918,-81.2341,20,2,2,6,29,2012
MPM121200501,2,3,6/29/2012,30.27918,-81.2341,20,2,2,6,29,2012
MPM121200103,2,4,6/29/2012,30.37507,-80.88105,30,2,1,6,29,2012
SAM120800303,2,4,6/30/2012,29.89875,-81.02362,21,2,1,6,30,2012
SAM120800301,2,4,6/30/2012,29.89895,-81.02367,21,2,1,6,30,2012
SAM120800301,2,4,6/30/2012,29.89895,-81.02367,21,2,1,6,30,2012
SAM120800301,2,4,6/30/2012,29.89895,-81.02367,21,2,1,6,30,2012
PIM121700101,2,3,7/5/2012,28.94667,-80.1807,58,2,2,7,5,2012
PIM121700203,2,4,7/5/2012,28.99848,-80.27477,41,2,1,7,5,2012
PIM121700203,2,4,7/5/2012,28.99848,-80.27477,41,2,1,7,5,2012
PIM121700203,2,4,7/5/2012,28.99848,-80.27477,41,2,1,7,5,2012
PIM121700203,2,4,7/5/2012,28.99848,-80.27477,41,2,1,7,5,2012
PIM121700203,2,3,7/5/2012,28.99848,-80.27477,41,2,2,7,5,2012
PIM121700203,2,3,7/5/2012,28.99848,-80.27477,41,2,2,7,5,2012
PIM121700203,2,3,7/5/2012,28.99848,-80.27477,41,2,2,7,5,2012
PIM121700203,2,3,7/5/2012,28.99848,-80.27477,41,2,2,7,5,2012
PIM121700203,2,3,7/5/2012,28.99848,-80.27477,41,2,2,7,5,2012
PIM121700301,2,4,7/5/2012,28.99995,-80.4539,24,2,1,7,5,2012
PIM121700301,2,3,7/5/2012,28.99995,-80.4539,24,2,2,7,5,2012
PIM121700301,2,3,7/5/2012,28.99995,-80.4539,24,2,2,7,5,2012
PIM121700301,2,3,7/5/2012,28.99995,-80.4539,24,2,2,7,5,2012
PIM121700301,2,5,7/5/2012,28.99995,-80.4539,24,2,2,7,5,2012
MPM121300403,2,3,7/6/2012,30.38513,-81.17733,21,2,2,7,6,2012
MPM121300101,2,5,7/6/2012,30.54183,-81.0591,26,2,2,7,6,2012
PIM121800201,2,3,7/9/2012,29.07747,-80.19318,63,2,2,7,9,2012
PIM121800501,2,3,7/9/2012,29.27945,-80.42327,30,2,1,7,9,2012
PCM121200201,2,4,7/11/2012,28.14443,-80.22267,23,2,1,7,11,2012
PCM121200301,2,4,7/11/2012,28.16402,-80.21777,28,2,1,7,11,2012
PCM121200301,2,4,7/11/2012,28.16402,-80.21777,28,2,1,7,11,2012
PCM121200301,2,3,7/11/2012,28.16402,-80.21777,28,2,2,7,11,2012
SAM120900403,2,3,7/11/2012,30.58387,-80.34627,40,2,2,7,11,2012
SAM120900402,2,4,7/11/2012,30.58397,-80.34608,40,2,1,7,11,2012
PIM121900303,2,4,7/12/2012,29.16092,-80.55067,26,2,1,7,12,2012
PIM121900301,2,4,7/12/2012,29.16208,-80.55682,26,2,1,7,12,2012
PIM121900403,2,3,7/12/2012,29.21292,-80.53535,24,2,1,7,12,2012
PIM121900403,2,3,7/12/2012,29.21292,-80.53535,24,2,1,7,12,2012
PIM121900403,2,3,7/12/2012,29.21292,-80.53535,24,2,1,7,12,2012
PIM121900403,2,3,7/12/2012,29.21292,-80.53535,24,2,1,7,12,2012
PIM121900403,2,3,7/12/2012,29.21292,-80.53535,24,2,1,7,12,2012
PIM121900403,2,3,7/12/2012,29.21292,-80.53535,24,2,2,7,12,2012
PIM121900403,2,3,7/12/2012,29.21292,-80.53535,24,2,2,7,12,2012
PIM121900403,2,3,7/12/2012,29.21292,-80.53535,24,2,2,7,12,2012
PIM121900403,2,3,7/12/2012,29.21292,-80.53535,24,2,2,7,12,2012
PIM121900403,2,3,7/12/2012,29.21292,-80.53535,24,2,2,7,12,2012
PIM121900403,2,3,7/12/2012,29.21292,-80.53535,24,2,2,7,12,2012
PIM121900501,2,3,7/12/2012,29.32093,-80.74438,24,2,2,7,12,2012
SAM120900901,2,4,7/12/2012,30.34427,-80.63892,36,2,1,7,12,2012
SAM120900701,2,4,7/12/2012,30.4894,-80.53233,37,2,1,7,12,2012
SAM120900701,2,3,7/12/2012,30.4894,-80.53233,37,2,2,7,12,2012
SAM120900701,2,3,7/12/2012,30.4894,-80.53233,37,2,2,7,12,2012
SAM120900701,2,3,7/12/2012,30.4894,-80.53233,37,2,2,7,12,2012
PCM121400101,2,4,7/16/2012,28.75145,-80.4457,19,2,1,7,16,2012
PCM121400101,2,4,7/16/2012,28.75145,-80.4457,19,2,1,7,16,2012
PCM121400201,2,3,7/16/2012,28.88305,-80.47327,20,2,2,7,16,2012
PCM121400203,2,3,7/16/2012,28.88328,-80.47333,18,2,2,7,16,2012
PCM121400203,2,3,7/16/2012,28.88328,-80.47333,18,2,2,7,16,2012
SAM121000602,2,3,7/16/2012,29.71987,-80.46633,34,2,2,7,16,2012
SAM121001002,2,4,7/17/2012,29.85197,-80.57125,34,2,1,7,17,2012
SAM121001002,2,4,7/17/2012,29.85197,-80.57125,34,2,1,7,17,2012
SAM121001003,2,3,7/17/2012,29.85197,-80.57125,34,2,2,7,17,2012
SAM121001003,2,3,7/17/2012,29.85197,-80.57125,34,2,2,7,17,2012
SAM121001001,2,4,7/17/2012,29.85348,-80.54575,35,2,1,7,17,2012
SAM121001001,2,3,7/17/2012,29.85348,-80.54575,35,2,2,7,17,2012
SAM121000803,2,4,7/17/2012,29.85373,-80.47573,38,2,1,7,17,2012
PIM122100101,2,4,7/18/2012,29.27277,-80.21637,73,2,1,7,18,2012
PIM122100101,2,3,7/18/2012,29.27277,-80.21637,73,2,1,7,18,2012
PIM122100101,2,3,7/18/2012,29.27277,-80.21637,73,2,2,7,18,2012
PIM122100101,2,3,7/18/2012,29.27277,-80.21637,73,2,2,7,18,2012
PIM122100301,2,3,7/18/2012,29.32662,-80.27402,48,2,2,7,18,2012
PIM122100501,2,3,7/18/2012,29.39245,-80.54593,32,2,2,7,18,2012
PIM122100501,2,3,7/18/2012,29.39245,-80.54593,32,2,2,7,18,2012
PIM122100501,2,3,7/18/2012,29.39245,-80.54593,32,2,2,7,18,2012
PIM122100501,2,3,7/18/2012,29.39245,-80.54593,32,2,2,7,18,2012
PIM122100501,2,3,7/18/2012,29.39245,-80.54593,32,2,2,7,18,2012
PIM122100501,2,3,7/18/2012,29.39245,-80.54593,32,2,2,7,18,2012
PIM122100501,2,3,7/18/2012,29.39245,-80.54593,32,2,2,7,18,2012
PIM122100501,2,3,7/18/2012,29.39245,-80.54593,32,2,2,7,18,2012
PIM122100501,2,3,7/18/2012,29.39245,-80.54593,32,2,2,7,18,2012
SAM121100501,2,4,7/24/2012,30.06422,-80.60755,35,2,1,7,24,2012
SAM121100501,2,3,7/24/2012,30.06422,-80.60755,35,2,2,7,24,2012
SAM121100501,2,3,7/24/2012,30.06422,-80.60755,35,2,2,7,24,2012
SAM121100501,2,3,7/24/2012,30.06422,-80.60755,35,2,2,7,24,2012
SAM121100501,2,3,7/24/2012,30.06422,-80.60755,35,2,2,7,24,2012
SAM121100502,2,3,7/24/2012,30.06427,-80.60742,35,2,1,7,24,2012
SAM121100502,2,3,7/24/2012,30.06427,-80.60742,35,2,2,7,24,2012
PCM121600601,2,5,7/25/2012,28.27407,-80.07627,51,2,2,7,25,2012
PCM121700101,2,3,7/26/2012,28.65183,-80.22402,39,2,1,7,26,2012
PCM121700101,2,3,7/26/2012,28.65183,-80.22402,39,2,1,7,26,2012
PCM121700101,2,5,7/26/2012,28.65183,-80.22402,39,2,2,7,26,2012
PCM121700101,2,3,7/26/2012,28.65183,-80.22402,39,2,2,7,26,2012
PCM121700101,2,4,7/26/2012,28.65183,-80.22402,39,2,2,7,26,2012
PCM121700101,2,3,7/26/2012,28.65183,-80.22402,39,2,2,7,26,2012
PCM121700101,2,3,7/26/2012,28.65183,-80.22402,39,2,2,7,26,2012
PCM121700101,2,5,7/26/2012,28.65183,-80.22402,39,2,2,7,26,2012
PCM121700103,2,3,7/26/2012,28.65227,-80.22392,38,2,2,7,26,2012
PCM121700103,2,5,7/26/2012,28.65227,-80.22392,38,2,2,7,26,2012
PCM121700501,2,4,7/26/2012,28.85925,-80.25815,40,2,1,7,26,2012
PCM121700301,2,4,7/26/2012,28.86958,-80.33283,31,2,1,7,26,2012
PCM121700301,2,3,7/26/2012,28.86958,-80.33283,31,2,2,7,26,2012
PCM121700301,2,3,7/26/2012,28.86958,-80.33283,31,2,2,7,26,2012
PCM121700402,2,4,7/26/2012,28.91147,-80.2972,38,2,1,7,26,2012
SAM121300101,2,4,7/26/2012,29.89348,-80.79772,30,2,1,7,26,2012
SAM121300101,2,4,7/26/2012,29.89348,-80.79772,30,2,1,7,26,2012
SAM121300101,2,4,7/26/2012,29.89348,-80.79772,30,2,1,7,26,2012
MPM121400201,2,3,7/30/2012,30.37367,-80.86462,32,2,2,7,30,2012
MPM121400203,2,3,7/30/2012,30.3738,-80.83823,29,2,2,7,30,2012
MPM121400203,2,3,7/30/2012,30.3738,-80.83823,29,2,2,7,30,2012
PCM122100203,2,3,8/8/2012,28.6821,-80.4265,19,2,2,8,8,2012
PCM122300301,2,3,8/15/2012,28.13207,-80.25018,23,2,2,8,15,2012
PIM122300501,2,3,8/20/2012,29.20135,-80.24592,47,2,2,8,20,2012
PIM122400501,2,3,8/22/2012,28.98872,-80.43027,22,2,1,8,22,2012
PIM122400301,2,4,8/22/2012,28.99505,-80.46648,24,2,1,8,22,2012
PIM122400301,2,3,8/22/2012,28.99505,-80.46648,24,2,1,8,22,2012
PIM122400301,2,3,8/22/2012,28.99505,-80.46648,24,2,1,8,22,2012
PIM122400301,2,3,8/22/2012,28.99505,-80.46648,24,2,2,8,22,2012
PIM122400301,2,3,8/22/2012,28.99505,-80.46648,24,2,2,8,22,2012
PIM122400301,2,5,8/22/2012,28.99505,-80.46648,24,2,2,8,22,2012
PIM122400301,2,3,8/22/2012,28.99505,-80.46648,24,2,2,8,22,2012
PIM122400301,2,3,8/22/2012,28.99505,-80.46648,24,2,2,8,22,2012
PIM122400301,2,3,8/22/2012,28.99505,-80.46648,24,2,2,8,22,2012
PIM122400301,2,3,8/22/2012,28.99505,-80.46648,24,2,2,8,22,2012
PIM122400301,2,3,8/22/2012,28.99505,-80.46648,24,2,2,8,22,2012
PIM122400301,2,3,8/22/2012,28.99505,-80.46648,24,2,2,8,22,2012
PIM122400403,2,5,8/22/2012,29.00022,-80.45465,23,2,2,8,22,2012
PIM122400401,2,3,8/22/2012,29.0008,-80.45385,23,2,2,8,22,2012
SAM121700202,2,3,8/22/2012,29.77332,-80.93708,21,2,2,8,22,2012
SAM121800301,2,3,8/23/2012,30.0537,-80.61507,37,2,2,8,23,2012
SAM121800301,2,3,8/23/2012,30.0537,-80.61507,37,2,2,8,23,2012
SAM121800301,2,3,8/23/2012,30.0537,-80.61507,37,2,2,8,23,2012
PCM122600501,2,3,8/29/2012,28.64647,-80.21763,40,2,1,8,29,2012
PCM122600501,2,3,8/29/2012,28.64647,-80.21763,40,2,2,8,29,2012
PCM122600501,2,3,8/29/2012,28.64647,-80.21763,40,2,2,8,29,2012
PCM122600501,2,3,8/29/2012,28.64647,-80.21763,40,2,2,8,29,2012
PCM122600501,2,3,8/29/2012,28.64647,-80.21763,40,2,2,8,29,2012
PCM122600501,2,3,8/29/2012,28.64647,-80.21763,40,2,2,8,29,2012
PCM122700502,2,3,8/30/2012,28.3888,-80.14277,44,2,2,8,30,2012
PCM122700501,2,4,8/30/2012,28.38882,-80.14272,43,2,1,8,30,2012
PCM122700501,2,4,8/30/2012,28.38882,-80.14272,43,2,1,8,30,2012
PCM122700501,2,3,8/30/2012,28.38882,-80.14272,43,2,2,8,30,2012
PCM122700501,2,1,8/30/2012,28.38882,-80.14272,43,1,2,8,30,2012
PCM122700501,2,3,8/30/2012,28.38882,-80.14272,43,2,2,8,30,2012
PCM122700501,2,6,8/30/2012,28.38882,-80.14272,43,2,2,8,30,2012
PCM122700501,2,3,8/30/2012,28.38882,-80.14272,43,2,2,8,30,2012
PCM122700501,2,3,8/30/2012,28.38882,-80.14272,43,2,2,8,30,2012
PCM122700501,2,3,8/30/2012,28.38882,-80.14272,43,2,2,8,30,2012
PCM122700501,2,5,8/30/2012,28.38882,-80.14272,43,2,2,8,30,2012
PCM122700501,2,3,8/30/2012,28.38882,-80.14272,43,2,2,8,30,2012
PCM122700501,2,3,8/30/2012,28.38882,-80.14272,43,2,2,8,30,2012
PCM122900501,2,3,9/20/2012,28.33203,-80.26852,26,2,2,9,20,2012
PCM122900501,2,5,9/20/2012,28.33203,-80.26852,26,2,2,9,20,2012
PCM122900501,2,3,9/20/2012,28.33203,-80.26852,26,2,2,9,20,2012
PCM122900501,2,3,9/20/2012,28.33203,-80.26852,26,2,2,9,20,2012
PCM122900501,2,3,9/20/2012,28.33203,-80.26852,26,2,2,9,20,2012
MPM121700301,2,3,9/20/2012,30.37235,-80.89927,32,2,2,9,20,2012
PCM123000402,2,5,10/9/2012,28.50098,-80.21783,38,2,2,10,9,2012
