date,phase,phaseid,datetime,month,day,year
1/4/1990,First Quarter,2,1/4/1990 5:40,1,4,1990
1/10/1990,Full Moon,3,1/10/1990 23:57,1,10,1990
1/18/1990,Last Quarter,4,1/18/1990 16:17,1,18,1990
1/26/1990,New Moon,1,1/26/1990 14:20,1,26,1990
2/2/1990,First Quarter,2,2/2/1990 13:32,2,2,1990
2/9/1990,Full Moon,3,2/9/1990 14:16,2,9,1990
2/17/1990,Last Quarter,4,2/17/1990 13:48,2,17,1990
2/25/1990,New Moon,1,2/25/1990 3:54,2,25,1990
3/3/1990,First Quarter,2,3/3/1990 21:05,3,3,1990
3/11/1990,Full Moon,3,3/11/1990 5:59,3,11,1990
3/19/1990,Last Quarter,4,3/19/1990 9:30,3,19,1990
3/26/1990,New Moon,1,3/26/1990 14:48,3,26,1990
4/2/1990,First Quarter,2,4/2/1990 6:24,4,2,1990
4/9/1990,Full Moon,3,4/9/1990 23:18,4,9,1990
4/18/1990,Last Quarter,4,4/18/1990 3:03,4,18,1990
4/25/1990,New Moon,1,4/25/1990 0:27,4,25,1990
5/1/1990,First Quarter,2,5/1/1990 16:18,5,1,1990
5/9/1990,Full Moon,3,5/9/1990 15:31,5,9,1990
5/17/1990,Last Quarter,4,5/17/1990 15:46,5,17,1990
5/24/1990,New Moon,1,5/24/1990 7:47,5,24,1990
5/31/1990,First Quarter,2,5/31/1990 4:11,5,31,1990
6/8/1990,Full Moon,3,6/8/1990 7:01,6,8,1990
6/16/1990,Last Quarter,4,6/16/1990 0:48,6,16,1990
6/22/1990,New Moon,1,6/22/1990 14:55,6,22,1990
6/29/1990,First Quarter,2,6/29/1990 18:07,6,29,1990
7/7/1990,Full Moon,3,7/7/1990 21:23,7,7,1990
7/15/1990,Last Quarter,4,7/15/1990 7:04,7,15,1990
7/21/1990,New Moon,1,7/21/1990 22:54,7,21,1990
7/29/1990,First Quarter,2,7/29/1990 10:01,7,29,1990
8/6/1990,Full Moon,3,8/6/1990 10:19,8,6,1990
8/13/1990,Last Quarter,4,8/13/1990 11:54,8,13,1990
8/20/1990,New Moon,1,8/20/1990 8:39,8,20,1990
8/28/1990,First Quarter,2,8/28/1990 3:34,8,28,1990
9/4/1990,Full Moon,3,9/4/1990 21:46,9,4,1990
9/11/1990,Last Quarter,4,9/11/1990 16:53,9,11,1990
9/18/1990,New Moon,1,9/18/1990 20:46,9,18,1990
9/26/1990,First Quarter,2,9/26/1990 22:06,9,26,1990
10/4/1990,Full Moon,3,10/4/1990 8:02,10,4,1990
10/10/1990,Last Quarter,4,10/10/1990 23:31,10,10,1990
10/18/1990,New Moon,1,10/18/1990 11:37,10,18,1990
10/26/1990,First Quarter,2,10/26/1990 16:26,10,26,1990
11/2/1990,Full Moon,3,11/2/1990 16:48,11,2,1990
11/9/1990,Last Quarter,4,11/9/1990 8:02,11,9,1990
11/17/1990,New Moon,1,11/17/1990 4:05,11,17,1990
11/25/1990,First Quarter,2,11/25/1990 8:12,11,25,1990
12/2/1990,Full Moon,3,12/2/1990 2:50,12,2,1990
12/8/1990,Last Quarter,4,12/8/1990 21:04,12,8,1990
12/16/1990,New Moon,1,12/16/1990 23:22,12,16,1990
12/24/1990,First Quarter,2,12/24/1990 22:16,12,24,1990
12/31/1990,Full Moon,3,12/31/1990 13:35,12,31,1990
1/7/1991,Last Quarter,4,1/7/1991 13:35,1,7,1991
1/15/1991,New Moon,1,1/15/1991 18:50,1,15,1991
1/23/1991,First Quarter,2,1/23/1991 9:22,1,23,1991
1/30/1991,Full Moon,3,1/30/1991 1:10,1,30,1991
2/6/1991,Last Quarter,4,2/6/1991 8:52,2,6,1991
2/14/1991,New Moon,1,2/14/1991 12:32,2,14,1991
2/21/1991,First Quarter,2,2/21/1991 17:58,2,21,1991
2/28/1991,Full Moon,3,2/28/1991 13:25,2,28,1991
3/8/1991,Last Quarter,4,3/8/1991 5:32,3,8,1991
3/16/1991,New Moon,1,3/16/1991 3:10,3,16,1991
3/23/1991,First Quarter,2,3/23/1991 1:03,3,23,1991
3/30/1991,Full Moon,3,3/30/1991 2:17,3,30,1991
4/7/1991,Last Quarter,4,4/7/1991 1:45,4,7,1991
4/14/1991,New Moon,1,4/14/1991 15:38,4,14,1991
4/21/1991,First Quarter,2,4/21/1991 8:39,4,21,1991
4/28/1991,Full Moon,3,4/28/1991 16:59,4,28,1991
5/6/1991,Last Quarter,4,5/6/1991 20:46,5,6,1991
5/14/1991,New Moon,1,5/14/1991 0:36,5,14,1991
5/20/1991,First Quarter,2,5/20/1991 15:46,5,20,1991
5/28/1991,Full Moon,3,5/28/1991 7:37,5,28,1991
6/5/1991,Last Quarter,4,6/5/1991 11:30,6,5,1991
6/12/1991,New Moon,1,6/12/1991 8:06,6,12,1991
6/19/1991,First Quarter,2,6/19/1991 0:19,6,19,1991
6/26/1991,Full Moon,3,6/26/1991 22:58,6,26,1991
7/4/1991,Last Quarter,4,7/4/1991 22:50,7,4,1991
7/11/1991,New Moon,1,7/11/1991 15:06,7,11,1991
7/18/1991,First Quarter,2,7/18/1991 11:11,7,18,1991
7/26/1991,Full Moon,3,7/26/1991 14:24,7,26,1991
8/3/1991,Last Quarter,4,8/3/1991 7:25,8,3,1991
8/9/1991,New Moon,1,8/9/1991 22:28,8,9,1991
8/17/1991,First Quarter,2,8/17/1991 1:01,8,17,1991
8/25/1991,Full Moon,3,8/25/1991 5:07,8,25,1991
9/1/1991,Last Quarter,4,9/1/1991 14:16,9,1,1991
9/8/1991,New Moon,1,9/8/1991 7:01,9,8,1991
9/15/1991,First Quarter,2,9/15/1991 18:01,9,15,1991
9/23/1991,Full Moon,3,9/23/1991 18:40,9,23,1991
9/30/1991,Last Quarter,4,9/30/1991 20:30,9,30,1991
10/7/1991,New Moon,1,10/7/1991 17:39,10,7,1991
10/15/1991,First Quarter,2,10/15/1991 13:33,10,15,1991
10/23/1991,Full Moon,3,10/23/1991 7:08,10,23,1991
10/30/1991,Last Quarter,4,10/30/1991 2:11,10,30,1991
11/6/1991,New Moon,1,11/6/1991 6:11,11,6,1991
11/14/1991,First Quarter,2,11/14/1991 9:02,11,14,1991
11/21/1991,Full Moon,3,11/21/1991 17:56,11,21,1991
11/28/1991,Last Quarter,4,11/28/1991 10:21,11,28,1991
12/5/1991,New Moon,1,12/5/1991 22:56,12,5,1991
12/14/1991,First Quarter,2,12/14/1991 4:32,12,14,1991
12/21/1991,Full Moon,3,12/21/1991 5:23,12,21,1991
12/27/1991,Last Quarter,4,12/27/1991 20:55,12,27,1991
1/4/1992,New Moon,1,1/4/1992 18:10,1,4,1992
1/12/1992,First Quarter,2,1/12/1992 21:32,1,12,1992
1/19/1992,Full Moon,3,1/19/1992 16:28,1,19,1992
1/26/1992,Last Quarter,4,1/26/1992 10:27,1,26,1992
2/3/1992,New Moon,1,2/3/1992 14:00,2,3,1992
2/11/1992,First Quarter,2,2/11/1992 11:15,2,11,1992
2/18/1992,Full Moon,3,2/18/1992 3:04,2,18,1992
2/25/1992,Last Quarter,4,2/25/1992 2:56,2,25,1992
3/4/1992,New Moon,1,3/4/1992 8:22,3,4,1992
3/11/1992,First Quarter,2,3/11/1992 21:36,3,11,1992
3/18/1992,Full Moon,3,3/18/1992 13:18,3,18,1992
3/25/1992,Last Quarter,4,3/25/1992 21:30,3,25,1992
4/3/1992,New Moon,1,4/3/1992 0:01,4,3,1992
4/10/1992,First Quarter,2,4/10/1992 6:06,4,10,1992
4/17/1992,Full Moon,3,4/17/1992 0:42,4,17,1992
4/24/1992,Last Quarter,4,4/24/1992 17:40,4,24,1992
5/2/1992,New Moon,1,5/2/1992 13:44,5,2,1992
5/9/1992,First Quarter,2,5/9/1992 11:44,5,9,1992
5/16/1992,Full Moon,3,5/16/1992 12:03,5,16,1992
5/24/1992,Last Quarter,4,5/24/1992 11:53,5,24,1992
5/31/1992,New Moon,1,5/31/1992 23:57,5,31,1992
6/7/1992,First Quarter,2,6/7/1992 16:47,6,7,1992
6/15/1992,Full Moon,3,6/15/1992 0:50,6,15,1992
6/23/1992,Last Quarter,4,6/23/1992 4:11,6,23,1992
6/30/1992,New Moon,1,6/30/1992 8:18,6,30,1992
7/6/1992,First Quarter,2,7/6/1992 22:43,7,6,1992
7/14/1992,Full Moon,3,7/14/1992 15:06,7,14,1992
7/22/1992,Last Quarter,4,7/22/1992 18:12,7,22,1992
7/29/1992,New Moon,1,7/29/1992 15:35,7,29,1992
8/5/1992,First Quarter,2,8/5/1992 6:59,8,5,1992
8/13/1992,Full Moon,3,8/13/1992 6:27,8,13,1992
8/21/1992,Last Quarter,4,8/21/1992 6:01,8,21,1992
8/27/1992,New Moon,1,8/27/1992 22:42,8,27,1992
9/3/1992,First Quarter,2,9/3/1992 18:39,9,3,1992
9/11/1992,Full Moon,3,9/11/1992 22:17,9,11,1992
9/19/1992,Last Quarter,4,9/19/1992 15:53,9,19,1992
9/26/1992,New Moon,1,9/26/1992 6:40,9,26,1992
10/3/1992,First Quarter,2,10/3/1992 10:12,10,3,1992
10/11/1992,Full Moon,3,10/11/1992 14:03,10,11,1992
10/19/1992,Last Quarter,4,10/19/1992 0:12,10,19,1992
10/25/1992,New Moon,1,10/25/1992 15:34,10,25,1992
11/2/1992,First Quarter,2,11/2/1992 4:11,11,2,1992
11/10/1992,Full Moon,3,11/10/1992 4:20,11,10,1992
11/17/1992,Last Quarter,4,11/17/1992 6:39,11,17,1992
11/24/1992,New Moon,1,11/24/1992 4:11,11,24,1992
12/2/1992,First Quarter,2,12/2/1992 1:17,12,2,1992
12/9/1992,Full Moon,3,12/9/1992 18:41,12,9,1992
12/16/1992,Last Quarter,4,12/16/1992 14:13,12,16,1992
12/23/1992,New Moon,1,12/23/1992 19:43,12,23,1992
12/31/1992,First Quarter,2,12/31/1992 22:38,12,31,1992
1/8/1993,Full Moon,3,1/8/1993 7:37,1,8,1993
1/14/1993,Last Quarter,4,1/14/1993 23:01,1,14,1993
1/22/1993,New Moon,1,1/22/1993 13:27,1,22,1993
1/30/1993,First Quarter,2,1/30/1993 18:20,1,30,1993
2/6/1993,Full Moon,3,2/6/1993 18:55,2,6,1993
2/13/1993,Last Quarter,4,2/13/1993 9:57,2,13,1993
2/21/1993,New Moon,1,2/21/1993 8:05,2,21,1993
3/1/1993,First Quarter,2,3/1/1993 10:47,3,1,1993
3/8/1993,Full Moon,3,3/8/1993 4:46,3,8,1993
3/14/1993,Last Quarter,4,3/14/1993 23:17,3,14,1993
3/23/1993,New Moon,1,3/23/1993 2:14,3,23,1993
3/30/1993,First Quarter,2,3/30/1993 23:10,3,30,1993
4/6/1993,Full Moon,3,4/6/1993 14:43,4,6,1993
4/13/1993,Last Quarter,4,4/13/1993 15:39,4,13,1993
4/21/1993,New Moon,1,4/21/1993 19:49,4,21,1993
4/29/1993,First Quarter,2,4/29/1993 8:41,4,29,1993
5/5/1993,Full Moon,3,5/5/1993 23:34,5,5,1993
5/13/1993,Last Quarter,4,5/13/1993 8:20,5,13,1993
5/21/1993,New Moon,1,5/21/1993 10:07,5,21,1993
5/28/1993,First Quarter,2,5/28/1993 14:21,5,28,1993
6/4/1993,Full Moon,3,6/4/1993 9:02,6,4,1993
6/12/1993,Last Quarter,4,6/12/1993 1:36,6,12,1993
6/19/1993,New Moon,1,6/19/1993 21:52,6,19,1993
6/26/1993,First Quarter,2,6/26/1993 18:43,6,26,1993
7/3/1993,Full Moon,3,7/3/1993 19:45,7,3,1993
7/11/1993,Last Quarter,4,7/11/1993 18:49,7,11,1993
7/19/1993,New Moon,1,7/19/1993 7:24,7,19,1993
7/25/1993,First Quarter,2,7/25/1993 23:25,7,25,1993
8/2/1993,Full Moon,3,8/2/1993 8:10,8,2,1993
8/10/1993,Last Quarter,4,8/10/1993 11:19,8,10,1993
8/17/1993,New Moon,1,8/17/1993 15:28,8,17,1993
8/24/1993,First Quarter,2,8/24/1993 5:57,8,24,1993
8/31/1993,Full Moon,3,8/31/1993 22:33,8,31,1993
9/9/1993,Last Quarter,4,9/9/1993 2:26,9,9,1993
9/15/1993,New Moon,1,9/15/1993 23:10,9,15,1993
9/22/1993,First Quarter,2,9/22/1993 15:33,9,22,1993
9/30/1993,Full Moon,3,9/30/1993 14:54,9,30,1993
10/8/1993,Last Quarter,4,10/8/1993 15:35,10,8,1993
10/15/1993,New Moon,1,10/15/1993 7:36,10,15,1993
10/22/1993,First Quarter,2,10/22/1993 4:52,10,22,1993
10/30/1993,Full Moon,3,10/30/1993 8:38,10,30,1993
11/7/1993,Last Quarter,4,11/7/1993 1:36,11,7,1993
11/13/1993,New Moon,1,11/13/1993 16:34,11,13,1993
11/20/1993,First Quarter,2,11/20/1993 21:03,11,20,1993
11/29/1993,Full Moon,3,11/29/1993 1:31,11,29,1993
12/6/1993,Last Quarter,4,12/6/1993 10:49,12,6,1993
12/13/1993,New Moon,1,12/13/1993 4:27,12,13,1993
12/20/1993,First Quarter,2,12/20/1993 17:26,12,20,1993
12/28/1993,Full Moon,3,12/28/1993 18:05,12,28,1993
1/4/1994,Last Quarter,4,1/4/1994 19:01,1,4,1994
1/11/1994,New Moon,1,1/11/1994 18:10,1,11,1994
1/19/1994,First Quarter,2,1/19/1994 15:27,1,19,1994
1/27/1994,Full Moon,3,1/27/1994 8:23,1,27,1994
2/3/1994,Last Quarter,4,2/3/1994 3:06,2,3,1994
2/10/1994,New Moon,1,2/10/1994 9:30,2,10,1994
2/18/1994,First Quarter,2,2/18/1994 12:47,2,18,1994
2/25/1994,Full Moon,3,2/25/1994 20:15,2,25,1994
3/4/1994,Last Quarter,4,3/4/1994 11:53,3,4,1994
3/12/1994,New Moon,1,3/12/1994 2:05,3,12,1994
3/20/1994,First Quarter,2,3/20/1994 7:14,3,20,1994
3/27/1994,Full Moon,3,3/27/1994 6:10,3,27,1994
4/2/1994,Last Quarter,4,4/2/1994 21:55,4,2,1994
4/10/1994,New Moon,1,4/10/1994 20:17,4,10,1994
4/18/1994,First Quarter,2,4/18/1994 22:34,4,18,1994
4/25/1994,Full Moon,3,4/25/1994 15:45,4,25,1994
5/2/1994,Last Quarter,4,5/2/1994 10:32,5,2,1994
5/10/1994,New Moon,1,5/10/1994 13:07,5,10,1994
5/18/1994,First Quarter,2,5/18/1994 8:50,5,18,1994
5/24/1994,Full Moon,3,5/24/1994 23:39,5,24,1994
6/1/1994,Last Quarter,4,6/1/1994 0:02,6,1,1994
6/9/1994,New Moon,1,6/9/1994 4:26,6,9,1994
6/16/1994,First Quarter,2,6/16/1994 15:57,6,16,1994
6/23/1994,Full Moon,3,6/23/1994 7:33,6,23,1994
6/30/1994,Last Quarter,4,6/30/1994 15:31,6,30,1994
7/8/1994,New Moon,1,7/8/1994 17:37,7,8,1994
7/15/1994,First Quarter,2,7/15/1994 21:12,7,15,1994
7/22/1994,Full Moon,3,7/22/1994 16:16,7,22,1994
7/30/1994,Last Quarter,4,7/30/1994 8:40,7,30,1994
8/7/1994,New Moon,1,8/7/1994 4:45,8,7,1994
8/14/1994,First Quarter,2,8/14/1994 1:57,8,14,1994
8/21/1994,Full Moon,3,8/21/1994 2:47,8,21,1994
8/29/1994,Last Quarter,4,8/29/1994 2:41,8,29,1994
9/5/1994,New Moon,1,9/5/1994 14:33,9,5,1994
9/12/1994,First Quarter,2,9/12/1994 7:34,9,12,1994
9/19/1994,Full Moon,3,9/19/1994 16:01,9,19,1994
9/27/1994,Last Quarter,4,9/27/1994 20:23,9,27,1994
10/4/1994,New Moon,1,10/4/1994 23:55,10,4,1994
10/11/1994,First Quarter,2,10/11/1994 15:17,10,11,1994
10/19/1994,Full Moon,3,10/19/1994 8:18,10,19,1994
10/27/1994,Last Quarter,4,10/27/1994 12:44,10,27,1994
11/3/1994,New Moon,1,11/3/1994 8:35,11,3,1994
11/10/1994,First Quarter,2,11/10/1994 1:14,11,10,1994
11/18/1994,Full Moon,3,11/18/1994 1:57,11,18,1994
11/26/1994,Last Quarter,4,11/26/1994 2:04,11,26,1994
12/2/1994,New Moon,1,12/2/1994 18:54,12,2,1994
12/9/1994,First Quarter,2,12/9/1994 16:06,12,9,1994
12/17/1994,Full Moon,3,12/17/1994 21:17,12,17,1994
12/25/1994,Last Quarter,4,12/25/1994 14:06,12,25,1994
1/1/1995,New Moon,1,1/1/1995 5:56,1,1,1995
1/8/1995,First Quarter,2,1/8/1995 10:46,1,8,1995
1/16/1995,Full Moon,3,1/16/1995 15:26,1,16,1995
1/23/1995,Last Quarter,4,1/23/1995 23:58,1,23,1995
1/30/1995,New Moon,1,1/30/1995 17:48,1,30,1995
2/7/1995,First Quarter,2,2/7/1995 7:54,2,7,1995
2/15/1995,Full Moon,3,2/15/1995 7:15,2,15,1995
2/22/1995,Last Quarter,4,2/22/1995 8:04,2,22,1995
3/1/1995,New Moon,1,3/1/1995 6:48,3,1,1995
3/9/1995,First Quarter,2,3/9/1995 5:14,3,9,1995
3/16/1995,Full Moon,3,3/16/1995 20:26,3,16,1995
3/23/1995,Last Quarter,4,3/23/1995 15:10,3,23,1995
3/30/1995,New Moon,1,3/30/1995 21:09,3,30,1995
4/8/1995,First Quarter,2,4/8/1995 1:35,4,8,1995
4/15/1995,Full Moon,3,4/15/1995 8:08,4,15,1995
4/21/1995,Last Quarter,4,4/21/1995 23:18,4,21,1995
4/29/1995,New Moon,1,4/29/1995 13:36,4,29,1995
5/7/1995,First Quarter,2,5/7/1995 17:44,5,7,1995
5/14/1995,Full Moon,3,5/14/1995 16:48,5,14,1995
5/21/1995,Last Quarter,4,5/21/1995 7:36,5,21,1995
5/29/1995,New Moon,1,5/29/1995 5:27,5,29,1995
6/6/1995,First Quarter,2,6/6/1995 6:26,6,6,1995
6/13/1995,Full Moon,3,6/13/1995 0:03,6,13,1995
6/19/1995,Last Quarter,4,6/19/1995 18:01,6,19,1995
6/27/1995,New Moon,1,6/27/1995 20:50,6,27,1995
7/5/1995,First Quarter,2,7/5/1995 16:02,7,5,1995
7/12/1995,Full Moon,3,7/12/1995 6:49,7,12,1995
7/19/1995,Last Quarter,4,7/19/1995 7:10,7,19,1995
7/27/1995,New Moon,1,7/27/1995 11:13,7,27,1995
8/3/1995,First Quarter,2,8/3/1995 23:16,8,3,1995
8/10/1995,Full Moon,3,8/10/1995 14:16,8,10,1995
8/17/1995,Last Quarter,4,8/17/1995 23:04,8,17,1995
8/26/1995,New Moon,1,8/26/1995 0:31,8,26,1995
9/2/1995,First Quarter,2,9/2/1995 5:03,9,2,1995
9/8/1995,Full Moon,3,9/8/1995 23:37,9,8,1995
9/16/1995,Last Quarter,4,9/16/1995 17:09,9,16,1995
9/24/1995,New Moon,1,9/24/1995 12:55,9,24,1995
10/1/1995,First Quarter,2,10/1/1995 10:36,10,1,1995
10/8/1995,Full Moon,3,10/8/1995 11:52,10,8,1995
10/16/1995,Last Quarter,4,10/16/1995 12:26,10,16,1995
10/24/1995,New Moon,1,10/24/1995 0:36,10,24,1995
10/30/1995,First Quarter,2,10/30/1995 16:17,10,30,1995
11/7/1995,Full Moon,3,11/7/1995 2:20,11,7,1995
11/15/1995,Last Quarter,4,11/15/1995 6:40,11,15,1995
11/22/1995,New Moon,1,11/22/1995 10:43,11,22,1995
11/29/1995,First Quarter,2,11/29/1995 1:28,11,29,1995
12/6/1995,Full Moon,3,12/6/1995 20:27,12,6,1995
12/15/1995,Last Quarter,4,12/15/1995 0:31,12,15,1995
12/21/1995,New Moon,1,12/21/1995 21:22,12,21,1995
12/28/1995,First Quarter,2,12/28/1995 14:06,12,28,1995
1/5/1996,Full Moon,3,1/5/1996 15:51,1,5,1996
1/13/1996,Last Quarter,4,1/13/1996 15:45,1,13,1996
1/20/1996,New Moon,1,1/20/1996 7:50,1,20,1996
1/27/1996,First Quarter,2,1/27/1996 6:14,1,27,1996
2/4/1996,Full Moon,3,2/4/1996 10:58,2,4,1996
2/12/1996,Last Quarter,4,2/12/1996 3:37,2,12,1996
2/18/1996,New Moon,1,2/18/1996 18:30,2,18,1996
2/26/1996,First Quarter,2,2/26/1996 0:52,2,26,1996
3/5/1996,Full Moon,3,3/5/1996 4:23,3,5,1996
3/12/1996,Last Quarter,4,3/12/1996 12:15,3,12,1996
3/19/1996,New Moon,1,3/19/1996 5:45,3,19,1996
3/26/1996,First Quarter,2,3/26/1996 20:31,3,26,1996
4/3/1996,Full Moon,3,4/3/1996 19:07,4,3,1996
4/10/1996,Last Quarter,4,4/10/1996 19:36,4,10,1996
4/17/1996,New Moon,1,4/17/1996 18:49,4,17,1996
4/25/1996,First Quarter,2,4/25/1996 16:40,4,25,1996
5/3/1996,Full Moon,3,5/3/1996 7:48,5,3,1996
5/10/1996,Last Quarter,4,5/10/1996 1:04,5,10,1996
5/17/1996,New Moon,1,5/17/1996 7:46,5,17,1996
5/25/1996,First Quarter,2,5/25/1996 10:13,5,25,1996
6/1/1996,Full Moon,3,6/1/1996 16:47,6,1,1996
6/8/1996,Last Quarter,4,6/8/1996 7:05,6,8,1996
6/15/1996,New Moon,1,6/15/1996 21:36,6,15,1996
6/24/1996,First Quarter,2,6/24/1996 1:23,6,24,1996
6/30/1996,Full Moon,3,6/30/1996 23:58,6,30,1996
7/7/1996,Last Quarter,4,7/7/1996 14:55,7,7,1996
7/15/1996,New Moon,1,7/15/1996 12:15,7,15,1996
7/23/1996,First Quarter,2,7/23/1996 13:49,7,23,1996
7/30/1996,Full Moon,3,7/30/1996 6:35,7,30,1996
8/6/1996,Last Quarter,4,8/6/1996 1:25,8,6,1996
8/14/1996,New Moon,1,8/14/1996 3:34,8,14,1996
8/21/1996,First Quarter,2,8/21/1996 23:36,8,21,1996
8/28/1996,Full Moon,3,8/28/1996 13:52,8,28,1996
9/4/1996,Last Quarter,4,9/4/1996 15:06,9,4,1996
9/12/1996,New Moon,1,9/12/1996 19:07,9,12,1996
9/20/1996,First Quarter,2,9/20/1996 7:23,9,20,1996
9/26/1996,Full Moon,3,9/26/1996 22:51,9,26,1996
10/4/1996,Last Quarter,4,10/4/1996 8:04,10,4,1996
10/12/1996,New Moon,1,10/12/1996 10:14,10,12,1996
10/19/1996,First Quarter,2,10/19/1996 14:09,10,19,1996
10/26/1996,Full Moon,3,10/26/1996 10:11,10,26,1996
11/3/1996,Last Quarter,4,11/3/1996 2:50,11,3,1996
11/10/1996,New Moon,1,11/10/1996 23:16,11,10,1996
11/17/1996,First Quarter,2,11/17/1996 20:09,11,17,1996
11/24/1996,Full Moon,3,11/24/1996 23:10,11,24,1996
12/3/1996,Last Quarter,4,12/3/1996 0:06,12,3,1996
12/10/1996,New Moon,1,12/10/1996 11:56,12,10,1996
12/17/1996,First Quarter,2,12/17/1996 4:31,12,17,1996
12/24/1996,Full Moon,3,12/24/1996 15:41,12,24,1996
1/1/1997,Last Quarter,4,1/1/1997 20:45,1,1,1997
1/8/1997,New Moon,1,1/8/1997 23:26,1,8,1997
1/15/1997,First Quarter,2,1/15/1997 15:02,1,15,1997
1/23/1997,Full Moon,3,1/23/1997 10:11,1,23,1997
1/31/1997,Last Quarter,4,1/31/1997 14:40,1,31,1997
2/7/1997,New Moon,1,2/7/1997 10:06,2,7,1997
2/14/1997,First Quarter,2,2/14/1997 3:58,2,14,1997
2/22/1997,Full Moon,3,2/22/1997 5:27,2,22,1997
3/2/1997,Last Quarter,4,3/2/1997 4:38,3,2,1997
3/8/1997,New Moon,1,3/8/1997 20:15,3,8,1997
3/15/1997,First Quarter,2,3/15/1997 19:06,3,15,1997
3/23/1997,Full Moon,3,3/23/1997 23:45,3,23,1997
3/31/1997,Last Quarter,4,3/31/1997 14:38,3,31,1997
4/7/1997,New Moon,1,4/7/1997 7:02,4,7,1997
4/14/1997,First Quarter,2,4/14/1997 13:00,4,14,1997
4/22/1997,Full Moon,3,4/22/1997 16:33,4,22,1997
4/29/1997,Last Quarter,4,4/29/1997 22:37,4,29,1997
5/6/1997,New Moon,1,5/6/1997 16:47,5,6,1997
5/14/1997,First Quarter,2,5/14/1997 6:55,5,14,1997
5/22/1997,Full Moon,3,5/22/1997 5:13,5,22,1997
5/29/1997,Last Quarter,4,5/29/1997 3:51,5,29,1997
6/5/1997,New Moon,1,6/5/1997 3:04,6,5,1997
6/13/1997,First Quarter,2,6/13/1997 0:51,6,13,1997
6/20/1997,Full Moon,3,6/20/1997 15:09,6,20,1997
6/27/1997,Last Quarter,4,6/27/1997 8:42,6,27,1997
7/4/1997,New Moon,1,7/4/1997 14:40,7,4,1997
7/12/1997,First Quarter,2,7/12/1997 17:44,7,12,1997
7/19/1997,Full Moon,3,7/19/1997 23:20,7,19,1997
7/26/1997,Last Quarter,4,7/26/1997 14:28,7,26,1997
8/3/1997,New Moon,1,8/3/1997 4:14,8,3,1997
8/11/1997,First Quarter,2,8/11/1997 8:42,8,11,1997
8/18/1997,Full Moon,3,8/18/1997 6:55,8,18,1997
8/24/1997,Last Quarter,4,8/24/1997 22:24,8,24,1997
9/1/1997,New Moon,1,9/1/1997 19:52,9,1,1997
9/9/1997,First Quarter,2,9/9/1997 21:31,9,9,1997
9/16/1997,Full Moon,3,9/16/1997 14:50,9,16,1997
9/23/1997,Last Quarter,4,9/23/1997 9:35,9,23,1997
10/1/1997,New Moon,1,10/1/1997 12:52,10,1,1997
10/9/1997,First Quarter,2,10/9/1997 8:22,10,9,1997
10/15/1997,Full Moon,3,10/15/1997 23:46,10,15,1997
10/23/1997,Last Quarter,4,10/23/1997 0:48,10,23,1997
10/31/1997,New Moon,1,10/31/1997 5:01,10,31,1997
11/7/1997,First Quarter,2,11/7/1997 16:43,11,7,1997
11/14/1997,Full Moon,3,11/14/1997 9:12,11,14,1997
11/21/1997,Last Quarter,4,11/21/1997 18:58,11,21,1997
11/29/1997,New Moon,1,11/29/1997 21:14,11,29,1997
12/7/1997,First Quarter,2,12/7/1997 1:09,12,7,1997
12/13/1997,Full Moon,3,12/13/1997 21:37,12,13,1997
12/21/1997,Last Quarter,4,12/21/1997 16:43,12,21,1997
12/29/1997,New Moon,1,12/29/1997 11:57,12,29,1997
1/5/1998,First Quarter,2,1/5/1998 9:18,1,5,1998
1/12/1998,Full Moon,3,1/12/1998 12:24,1,12,1998
1/20/1998,Last Quarter,4,1/20/1998 14:40,1,20,1998
1/28/1998,New Moon,1,1/28/1998 1:01,1,28,1998
2/3/1998,First Quarter,2,2/3/1998 17:53,2,3,1998
2/11/1998,Full Moon,3,2/11/1998 5:23,2,11,1998
2/19/1998,Last Quarter,4,2/19/1998 10:27,2,19,1998
2/26/1998,New Moon,1,2/26/1998 12:26,2,26,1998
3/5/1998,First Quarter,2,3/5/1998 3:41,3,5,1998
3/12/1998,Full Moon,3,3/12/1998 23:34,3,12,1998
3/21/1998,Last Quarter,4,3/21/1998 2:38,3,21,1998
3/27/1998,New Moon,1,3/27/1998 22:14,3,27,1998
4/3/1998,First Quarter,2,4/3/1998 15:18,4,3,1998
4/11/1998,Full Moon,3,4/11/1998 18:23,4,11,1998
4/19/1998,Last Quarter,4,4/19/1998 15:53,4,19,1998
4/26/1998,New Moon,1,4/26/1998 7:41,4,26,1998
5/3/1998,First Quarter,2,5/3/1998 6:04,5,3,1998
5/11/1998,Full Moon,3,5/11/1998 10:29,5,11,1998
5/19/1998,Last Quarter,4,5/19/1998 0:35,5,19,1998
5/25/1998,New Moon,1,5/25/1998 15:32,5,25,1998
6/1/1998,First Quarter,2,6/1/1998 21:45,6,1,1998
6/10/1998,Full Moon,3,6/10/1998 0:18,6,10,1998
6/17/1998,Last Quarter,4,6/17/1998 6:38,6,17,1998
6/23/1998,New Moon,1,6/23/1998 23:50,6,23,1998
7/1/1998,First Quarter,2,7/1/1998 14:43,7,1,1998
7/9/1998,Full Moon,3,7/9/1998 12:01,7,9,1998
7/16/1998,Last Quarter,4,7/16/1998 11:13,7,16,1998
7/23/1998,New Moon,1,7/23/1998 9:44,7,23,1998
7/31/1998,First Quarter,2,7/31/1998 8:05,7,31,1998
8/7/1998,Full Moon,3,8/7/1998 22:10,8,7,1998
8/14/1998,Last Quarter,4,8/14/1998 15:48,8,14,1998
8/21/1998,New Moon,1,8/21/1998 22:03,8,21,1998
8/30/1998,First Quarter,2,8/30/1998 1:07,8,30,1998
9/6/1998,Full Moon,3,9/6/1998 7:21,9,6,1998
9/12/1998,Last Quarter,4,9/12/1998 21:58,9,12,1998
9/20/1998,New Moon,1,9/20/1998 13:01,9,20,1998
9/28/1998,First Quarter,2,9/28/1998 17:11,9,28,1998
10/5/1998,Full Moon,3,10/5/1998 16:12,10,5,1998
10/12/1998,Last Quarter,4,10/12/1998 7:11,10,12,1998
10/20/1998,New Moon,1,10/20/1998 6:09,10,20,1998
10/28/1998,First Quarter,2,10/28/1998 6:46,10,28,1998
11/4/1998,Full Moon,3,11/4/1998 0:18,11,4,1998
11/10/1998,Last Quarter,4,11/10/1998 19:28,11,10,1998
11/18/1998,New Moon,1,11/18/1998 23:27,11,18,1998
11/26/1998,First Quarter,2,11/26/1998 19:23,11,26,1998
12/3/1998,Full Moon,3,12/3/1998 10:19,12,3,1998
12/10/1998,Last Quarter,4,12/10/1998 12:54,12,10,1998
12/18/1998,New Moon,1,12/18/1998 17:42,12,18,1998
12/26/1998,First Quarter,2,12/26/1998 5:46,12,26,1998
1/1/1999,Full Moon,3,1/1/1999 21:50,1,1,1999
1/9/1999,Last Quarter,4,1/9/1999 9:22,1,9,1999
1/17/1999,New Moon,1,1/17/1999 10:46,1,17,1999
1/24/1999,First Quarter,2,1/24/1999 14:15,1,24,1999
1/31/1999,Full Moon,3,1/31/1999 11:07,1,31,1999
2/8/1999,Last Quarter,4,2/8/1999 6:58,2,8,1999
2/16/1999,New Moon,1,2/16/1999 1:39,2,16,1999
2/22/1999,First Quarter,2,2/22/1999 21:43,2,22,1999
3/2/1999,Full Moon,3,3/2/1999 1:58,3,2,1999
3/10/1999,Last Quarter,4,3/10/1999 3:40,3,10,1999
3/17/1999,New Moon,1,3/17/1999 13:48,3,17,1999
3/24/1999,First Quarter,2,3/24/1999 5:18,3,24,1999
3/31/1999,Full Moon,3,3/31/1999 17:49,3,31,1999
4/8/1999,Last Quarter,4,4/8/1999 22:51,4,8,1999
4/16/1999,New Moon,1,4/16/1999 0:22,4,16,1999
4/22/1999,First Quarter,2,4/22/1999 15:02,4,22,1999
4/30/1999,Full Moon,3,4/30/1999 10:55,4,30,1999
5/8/1999,Last Quarter,4,5/8/1999 13:29,5,8,1999
5/15/1999,New Moon,1,5/15/1999 8:05,5,15,1999
5/22/1999,First Quarter,2,5/22/1999 1:34,5,22,1999
5/30/1999,Full Moon,3,5/30/1999 2:40,5,30,1999
6/7/1999,Last Quarter,4,6/7/1999 0:20,6,7,1999
6/13/1999,New Moon,1,6/13/1999 15:03,6,13,1999
6/20/1999,First Quarter,2,6/20/1999 14:13,6,20,1999
6/28/1999,Full Moon,3,6/28/1999 17:37,6,28,1999
7/6/1999,Last Quarter,4,7/6/1999 7:57,7,6,1999
7/12/1999,New Moon,1,7/12/1999 22:24,7,12,1999
7/20/1999,First Quarter,2,7/20/1999 5:00,7,20,1999
7/28/1999,Full Moon,3,7/28/1999 7:25,7,28,1999
8/4/1999,Last Quarter,4,8/4/1999 13:27,8,4,1999
8/11/1999,New Moon,1,8/11/1999 7:08,8,11,1999
8/18/1999,First Quarter,2,8/18/1999 21:47,8,18,1999
8/26/1999,Full Moon,3,8/26/1999 19:48,8,26,1999
9/2/1999,Last Quarter,4,9/2/1999 18:17,9,2,1999
9/9/1999,New Moon,1,9/9/1999 18:02,9,9,1999
9/17/1999,First Quarter,2,9/17/1999 16:06,9,17,1999
9/25/1999,Full Moon,3,9/25/1999 6:51,9,25,1999
10/2/1999,Last Quarter,4,10/2/1999 0:02,10,2,1999
10/9/1999,New Moon,1,10/9/1999 7:34,10,9,1999
10/17/1999,First Quarter,2,10/17/1999 11:00,10,17,1999
10/24/1999,Full Moon,3,10/24/1999 17:02,10,24,1999
10/31/1999,Last Quarter,4,10/31/1999 7:04,10,31,1999
11/7/1999,New Moon,1,11/7/1999 22:53,11,7,1999
11/16/1999,First Quarter,2,11/16/1999 4:03,11,16,1999
11/23/1999,Full Moon,3,11/23/1999 2:04,11,23,1999
11/29/1999,Last Quarter,4,11/29/1999 18:19,11,29,1999
12/7/1999,New Moon,1,12/7/1999 17:32,12,7,1999
12/15/1999,First Quarter,2,12/15/1999 19:50,12,15,1999
12/22/1999,Full Moon,3,12/22/1999 12:31,12,22,1999
12/29/1999,Last Quarter,4,12/29/1999 9:04,12,29,1999
1/6/2000,New Moon,1,1/6/2000 13:14,1,6,2000
1/14/2000,First Quarter,2,1/14/2000 8:34,1,14,2000
1/20/2000,Full Moon,3,1/20/2000 23:40,1,20,2000
1/28/2000,Last Quarter,4,1/28/2000 2:57,1,28,2000
2/5/2000,New Moon,1,2/5/2000 8:03,2,5,2000
2/12/2000,First Quarter,2,2/12/2000 18:21,2,12,2000
2/19/2000,Full Moon,3,2/19/2000 11:27,2,19,2000
2/26/2000,Last Quarter,4,2/26/2000 22:54,2,26,2000
3/6/2000,New Moon,1,3/6/2000 0:17,3,6,2000
3/13/2000,First Quarter,2,3/13/2000 1:59,3,13,2000
3/19/2000,Full Moon,3,3/19/2000 23:44,3,19,2000
3/27/2000,Last Quarter,4,3/27/2000 19:21,3,27,2000
4/4/2000,New Moon,1,4/4/2000 14:12,4,4,2000
4/11/2000,First Quarter,2,4/11/2000 9:30,4,11,2000
4/18/2000,Full Moon,3,4/18/2000 13:42,4,18,2000
4/26/2000,Last Quarter,4,4/26/2000 15:30,4,26,2000
5/4/2000,New Moon,1,5/4/2000 0:12,5,4,2000
5/10/2000,First Quarter,2,5/10/2000 16:01,5,10,2000
5/18/2000,Full Moon,3,5/18/2000 3:34,5,18,2000
5/26/2000,Last Quarter,4,5/26/2000 7:55,5,26,2000
6/2/2000,New Moon,1,6/2/2000 8:14,6,2,2000
6/8/2000,First Quarter,2,6/8/2000 23:29,6,8,2000
6/16/2000,Full Moon,3,6/16/2000 18:27,6,16,2000
6/24/2000,Last Quarter,4,6/24/2000 21:00,6,24,2000
7/1/2000,New Moon,1,7/1/2000 15:20,7,1,2000
7/8/2000,First Quarter,2,7/8/2000 8:53,7,8,2000
7/16/2000,Full Moon,3,7/16/2000 9:55,7,16,2000
7/24/2000,Last Quarter,4,7/24/2000 7:02,7,24,2000
7/30/2000,New Moon,1,7/30/2000 22:25,7,30,2000
8/6/2000,First Quarter,2,8/6/2000 21:02,8,6,2000
8/15/2000,Full Moon,3,8/15/2000 1:13,8,15,2000
8/22/2000,Last Quarter,4,8/22/2000 14:51,8,22,2000
8/29/2000,New Moon,1,8/29/2000 6:19,8,29,2000
9/5/2000,First Quarter,2,9/5/2000 12:27,9,5,2000
9/13/2000,Full Moon,3,9/13/2000 15:37,9,13,2000
9/20/2000,Last Quarter,4,9/20/2000 21:28,9,20,2000
9/27/2000,New Moon,1,9/27/2000 15:53,9,27,2000
10/5/2000,First Quarter,2,10/5/2000 6:59,10,5,2000
10/13/2000,Full Moon,3,10/13/2000 4:53,10,13,2000
10/20/2000,Last Quarter,4,10/20/2000 3:59,10,20,2000
10/27/2000,New Moon,1,10/27/2000 3:58,10,27,2000
11/4/2000,First Quarter,2,11/4/2000 2:27,11,4,2000
11/11/2000,Full Moon,3,11/11/2000 16:15,11,11,2000
11/18/2000,Last Quarter,4,11/18/2000 10:24,11,18,2000
11/25/2000,New Moon,1,11/25/2000 18:11,11,25,2000
12/3/2000,First Quarter,2,12/3/2000 22:55,12,3,2000
12/11/2000,Full Moon,3,12/11/2000 4:03,12,11,2000
12/17/2000,Last Quarter,4,12/17/2000 19:41,12,17,2000
12/25/2000,New Moon,1,12/25/2000 12:22,12,25,2000
1/2/2001,First Quarter,2,1/2/2001 17:32,1,2,2001
1/9/2001,Full Moon,3,1/9/2001 15:24,1,9,2001
1/16/2001,Last Quarter,4,1/16/2001 7:35,1,16,2001
1/24/2001,New Moon,1,1/24/2001 8:07,1,24,2001
2/1/2001,First Quarter,2,2/1/2001 9:03,2,1,2001
2/8/2001,Full Moon,3,2/8/2001 2:12,2,8,2001
2/14/2001,Last Quarter,4,2/14/2001 22:24,2,14,2001
2/23/2001,New Moon,1,2/23/2001 3:21,2,23,2001
3/2/2001,First Quarter,2,3/2/2001 21:03,3,2,2001
3/9/2001,Full Moon,3,3/9/2001 12:23,3,9,2001
3/16/2001,Last Quarter,4,3/16/2001 15:45,3,16,2001
3/24/2001,New Moon,1,3/24/2001 20:21,3,24,2001
4/1/2001,First Quarter,2,4/1/2001 6:49,4,1,2001
4/7/2001,Full Moon,3,4/7/2001 23:22,4,7,2001
4/15/2001,Last Quarter,4,4/15/2001 11:31,4,15,2001
4/23/2001,New Moon,1,4/23/2001 11:26,4,23,2001
4/30/2001,First Quarter,2,4/30/2001 13:08,4,30,2001
5/7/2001,Full Moon,3,5/7/2001 9:53,5,7,2001
5/15/2001,Last Quarter,4,5/15/2001 6:11,5,15,2001
5/22/2001,New Moon,1,5/22/2001 22:46,5,22,2001
5/29/2001,First Quarter,2,5/29/2001 18:09,5,29,2001
6/5/2001,Full Moon,3,6/5/2001 21:39,6,5,2001
6/13/2001,Last Quarter,4,6/13/2001 23:28,6,13,2001
6/21/2001,New Moon,1,6/21/2001 7:58,6,21,2001
6/27/2001,First Quarter,2,6/27/2001 23:20,6,27,2001
7/5/2001,Full Moon,3,7/5/2001 11:04,7,5,2001
7/13/2001,Last Quarter,4,7/13/2001 14:45,7,13,2001
7/20/2001,New Moon,1,7/20/2001 15:44,7,20,2001
7/27/2001,First Quarter,2,7/27/2001 6:08,7,27,2001
8/4/2001,Full Moon,3,8/4/2001 1:56,8,4,2001
8/12/2001,Last Quarter,4,8/12/2001 3:53,8,12,2001
8/18/2001,New Moon,1,8/18/2001 22:55,8,18,2001
8/25/2001,First Quarter,2,8/25/2001 15:55,8,25,2001
9/2/2001,Full Moon,3,9/2/2001 17:43,9,2,2001
9/10/2001,Last Quarter,4,9/10/2001 15:00,9,10,2001
9/17/2001,New Moon,1,9/17/2001 6:27,9,17,2001
9/24/2001,First Quarter,2,9/24/2001 5:31,9,24,2001
10/2/2001,Full Moon,3,10/2/2001 9:49,10,2,2001
10/10/2001,Last Quarter,4,10/10/2001 0:20,10,10,2001
10/16/2001,New Moon,1,10/16/2001 15:23,10,16,2001
10/23/2001,First Quarter,2,10/23/2001 22:58,10,23,2001
11/1/2001,Full Moon,3,11/1/2001 0:41,11,1,2001
11/8/2001,Last Quarter,4,11/8/2001 7:21,11,8,2001
11/15/2001,New Moon,1,11/15/2001 1:40,11,15,2001
11/22/2001,First Quarter,2,11/22/2001 18:21,11,22,2001
11/30/2001,Full Moon,3,11/30/2001 15:49,11,30,2001
12/7/2001,Last Quarter,4,12/7/2001 14:52,12,7,2001
12/14/2001,New Moon,1,12/14/2001 15:47,12,14,2001
12/22/2001,First Quarter,2,12/22/2001 15:56,12,22,2001
12/30/2001,Full Moon,3,12/30/2001 5:41,12,30,2001
1/5/2002,Last Quarter,4,1/5/2002 22:55,1,5,2002
1/13/2002,New Moon,1,1/13/2002 8:29,1,13,2002
1/21/2002,First Quarter,2,1/21/2002 12:47,1,21,2002
1/28/2002,Full Moon,3,1/28/2002 17:50,1,28,2002
2/4/2002,Last Quarter,4,2/4/2002 8:33,2,4,2002
2/12/2002,New Moon,1,2/12/2002 2:41,2,12,2002
2/20/2002,First Quarter,2,2/20/2002 7:02,2,20,2002
2/27/2002,Full Moon,3,2/27/2002 4:17,2,27,2002
3/5/2002,Last Quarter,4,3/5/2002 20:25,3,5,2002
3/13/2002,New Moon,1,3/13/2002 21:03,3,13,2002
3/21/2002,First Quarter,2,3/21/2002 21:29,3,21,2002
3/28/2002,Full Moon,3,3/28/2002 13:25,3,28,2002
4/4/2002,Last Quarter,4,4/4/2002 10:29,4,4,2002
4/12/2002,New Moon,1,4/12/2002 15:21,4,12,2002
4/20/2002,First Quarter,2,4/20/2002 8:48,4,20,2002
4/26/2002,Full Moon,3,4/26/2002 23:00,4,26,2002
5/4/2002,Last Quarter,4,5/4/2002 3:16,5,4,2002
5/12/2002,New Moon,1,5/12/2002 6:45,5,12,2002
5/19/2002,First Quarter,2,5/19/2002 15:42,5,19,2002
5/26/2002,Full Moon,3,5/26/2002 7:51,5,26,2002
6/2/2002,Last Quarter,4,6/2/2002 20:05,6,2,2002
6/10/2002,New Moon,1,6/10/2002 19:47,6,10,2002
6/17/2002,First Quarter,2,6/17/2002 20:29,6,17,2002
6/24/2002,Full Moon,3,6/24/2002 17:42,6,24,2002
7/2/2002,Last Quarter,4,7/2/2002 13:19,7,2,2002
7/10/2002,New Moon,1,7/10/2002 6:26,7,10,2002
7/17/2002,First Quarter,2,7/17/2002 0:47,7,17,2002
7/24/2002,Full Moon,3,7/24/2002 5:07,7,24,2002
8/1/2002,Last Quarter,4,8/1/2002 6:22,8,1,2002
8/8/2002,New Moon,1,8/8/2002 15:15,8,8,2002
8/15/2002,First Quarter,2,8/15/2002 6:12,8,15,2002
8/22/2002,Full Moon,3,8/22/2002 18:29,8,22,2002
8/30/2002,Last Quarter,4,8/30/2002 22:31,8,30,2002
9/6/2002,New Moon,1,9/6/2002 23:10,9,6,2002
9/13/2002,First Quarter,2,9/13/2002 14:08,9,13,2002
9/21/2002,Full Moon,3,9/21/2002 9:59,9,21,2002
9/29/2002,Last Quarter,4,9/29/2002 13:03,9,29,2002
10/6/2002,New Moon,1,10/6/2002 7:18,10,6,2002
10/13/2002,First Quarter,2,10/13/2002 1:33,10,13,2002
10/21/2002,Full Moon,3,10/21/2002 3:20,10,21,2002
10/29/2002,Last Quarter,4,10/29/2002 0:28,10,29,2002
11/4/2002,New Moon,1,11/4/2002 15:34,11,4,2002
11/11/2002,First Quarter,2,11/11/2002 15:52,11,11,2002
11/19/2002,Full Moon,3,11/19/2002 20:34,11,19,2002
11/27/2002,Last Quarter,4,11/27/2002 10:46,11,27,2002
12/4/2002,New Moon,1,12/4/2002 2:34,12,4,2002
12/11/2002,First Quarter,2,12/11/2002 10:49,12,11,2002
12/19/2002,Full Moon,3,12/19/2002 14:10,12,19,2002
12/26/2002,Last Quarter,4,12/26/2002 19:31,12,26,2002
1/2/2003,New Moon,1,1/2/2003 15:23,1,2,2003
1/10/2003,First Quarter,2,1/10/2003 8:15,1,10,2003
1/18/2003,Full Moon,3,1/18/2003 5:48,1,18,2003
1/25/2003,Last Quarter,4,1/25/2003 3:33,1,25,2003
2/1/2003,New Moon,1,2/1/2003 5:48,2,1,2003
2/9/2003,First Quarter,2,2/9/2003 6:11,2,9,2003
2/16/2003,Full Moon,3,2/16/2003 18:51,2,16,2003
2/23/2003,Last Quarter,4,2/23/2003 11:46,2,23,2003
3/2/2003,New Moon,1,3/2/2003 21:35,3,2,2003
3/11/2003,First Quarter,2,3/11/2003 2:15,3,11,2003
3/18/2003,Full Moon,3,3/18/2003 5:35,3,18,2003
3/24/2003,Last Quarter,4,3/24/2003 20:51,3,24,2003
4/1/2003,New Moon,1,4/1/2003 14:19,4,1,2003
4/9/2003,First Quarter,2,4/9/2003 19:40,4,9,2003
4/16/2003,Full Moon,3,4/16/2003 15:36,4,16,2003
4/23/2003,Last Quarter,4,4/23/2003 8:18,4,23,2003
5/1/2003,New Moon,1,5/1/2003 8:15,5,1,2003
5/9/2003,First Quarter,2,5/9/2003 7:53,5,9,2003
5/15/2003,Full Moon,3,5/15/2003 23:36,5,15,2003
5/22/2003,Last Quarter,4,5/22/2003 20:31,5,22,2003
5/31/2003,New Moon,1,5/31/2003 0:20,5,31,2003
6/7/2003,First Quarter,2,6/7/2003 16:28,6,7,2003
6/14/2003,Full Moon,3,6/14/2003 7:16,6,14,2003
6/21/2003,Last Quarter,4,6/21/2003 10:45,6,21,2003
6/29/2003,New Moon,1,6/29/2003 14:39,6,29,2003
7/6/2003,First Quarter,2,7/6/2003 22:32,7,6,2003
7/13/2003,Full Moon,3,7/13/2003 15:21,7,13,2003
7/21/2003,Last Quarter,4,7/21/2003 3:01,7,21,2003
7/29/2003,New Moon,1,7/29/2003 2:53,7,29,2003
8/5/2003,First Quarter,2,8/5/2003 3:28,8,5,2003
8/12/2003,Full Moon,3,8/12/2003 0:48,8,12,2003
8/19/2003,Last Quarter,4,8/19/2003 20:48,8,19,2003
8/27/2003,New Moon,1,8/27/2003 13:26,8,27,2003
9/3/2003,First Quarter,2,9/3/2003 8:34,9,3,2003
9/10/2003,Full Moon,3,9/10/2003 12:36,9,10,2003
9/18/2003,Last Quarter,4,9/18/2003 15:03,9,18,2003
9/25/2003,New Moon,1,9/25/2003 23:09,9,25,2003
10/2/2003,First Quarter,2,10/2/2003 15:09,10,2,2003
10/10/2003,Full Moon,3,10/10/2003 3:27,10,10,2003
10/18/2003,Last Quarter,4,10/18/2003 8:31,10,18,2003
10/25/2003,New Moon,1,10/25/2003 8:50,10,25,2003
10/31/2003,First Quarter,2,10/31/2003 23:25,10,31,2003
11/8/2003,Full Moon,3,11/8/2003 20:13,11,8,2003
11/16/2003,Last Quarter,4,11/16/2003 23:15,11,16,2003
11/23/2003,New Moon,1,11/23/2003 17:59,11,23,2003
11/30/2003,First Quarter,2,11/30/2003 12:16,11,30,2003
12/8/2003,Full Moon,3,12/8/2003 15:37,12,8,2003
12/16/2003,Last Quarter,4,12/16/2003 12:42,12,16,2003
12/23/2003,New Moon,1,12/23/2003 4:43,12,23,2003
12/30/2003,First Quarter,2,12/30/2003 5:03,12,30,2003
1/7/2004,Full Moon,3,1/7/2004 10:40,1,7,2004
1/14/2004,Last Quarter,4,1/14/2004 23:46,1,14,2004
1/21/2004,New Moon,1,1/21/2004 16:05,1,21,2004
1/29/2004,First Quarter,2,1/29/2004 1:03,1,29,2004
2/6/2004,Full Moon,3,2/6/2004 3:47,2,6,2004
2/13/2004,Last Quarter,4,2/13/2004 8:40,2,13,2004
2/20/2004,New Moon,1,2/20/2004 4:18,2,20,2004
2/27/2004,First Quarter,2,2/27/2004 22:24,2,27,2004
3/6/2004,Full Moon,3,3/6/2004 18:14,3,6,2004
3/13/2004,Last Quarter,4,3/13/2004 16:01,3,13,2004
3/20/2004,New Moon,1,3/20/2004 17:41,3,20,2004
3/28/2004,First Quarter,2,3/28/2004 18:48,3,28,2004
4/5/2004,Full Moon,3,4/5/2004 7:03,4,5,2004
4/11/2004,Last Quarter,4,4/11/2004 23:46,4,11,2004
4/19/2004,New Moon,1,4/19/2004 9:21,4,19,2004
4/27/2004,First Quarter,2,4/27/2004 13:32,4,27,2004
5/4/2004,Full Moon,3,5/4/2004 16:33,5,4,2004
5/11/2004,Last Quarter,4,5/11/2004 7:04,5,11,2004
5/19/2004,New Moon,1,5/19/2004 0:52,5,19,2004
5/27/2004,First Quarter,2,5/27/2004 3:57,5,27,2004
6/3/2004,Full Moon,3,6/3/2004 0:20,6,3,2004
6/9/2004,Last Quarter,4,6/9/2004 16:02,6,9,2004
6/17/2004,New Moon,1,6/17/2004 16:27,6,17,2004
6/25/2004,First Quarter,2,6/25/2004 15:08,6,25,2004
7/2/2004,Full Moon,3,7/2/2004 7:09,7,2,2004
7/9/2004,Last Quarter,4,7/9/2004 3:34,7,9,2004
7/17/2004,New Moon,1,7/17/2004 7:24,7,17,2004
7/24/2004,First Quarter,2,7/24/2004 23:37,7,24,2004
7/31/2004,Full Moon,3,7/31/2004 14:05,7,31,2004
8/7/2004,Last Quarter,4,8/7/2004 18:01,8,7,2004
8/15/2004,New Moon,1,8/15/2004 21:24,8,15,2004
8/23/2004,First Quarter,2,8/23/2004 6:12,8,23,2004
8/29/2004,Full Moon,3,8/29/2004 22:22,8,29,2004
9/6/2004,Last Quarter,4,9/6/2004 11:11,9,6,2004
9/14/2004,New Moon,1,9/14/2004 10:29,9,14,2004
9/21/2004,First Quarter,2,9/21/2004 11:54,9,21,2004
9/28/2004,Full Moon,3,9/28/2004 9:09,9,28,2004
10/6/2004,Last Quarter,4,10/6/2004 6:12,10,6,2004
10/13/2004,New Moon,1,10/13/2004 22:48,10,13,2004
10/20/2004,First Quarter,2,10/20/2004 17:59,10,20,2004
10/27/2004,Full Moon,3,10/27/2004 23:07,10,27,2004
11/5/2004,Last Quarter,4,11/5/2004 0:53,11,5,2004
11/12/2004,New Moon,1,11/12/2004 9:27,11,12,2004
11/19/2004,First Quarter,2,11/19/2004 0:50,11,19,2004
11/26/2004,Full Moon,3,11/26/2004 15:07,11,26,2004
12/4/2004,Last Quarter,4,12/4/2004 19:53,12,4,2004
12/11/2004,New Moon,1,12/11/2004 20:29,12,11,2004
12/18/2004,First Quarter,2,12/18/2004 11:40,12,18,2004
12/26/2004,Full Moon,3,12/26/2004 10:06,12,26,2004
1/3/2005,Last Quarter,4,1/3/2005 12:46,1,3,2005
1/10/2005,New Moon,1,1/10/2005 7:03,1,10,2005
1/17/2005,First Quarter,2,1/17/2005 1:57,1,17,2005
1/25/2005,Full Moon,3,1/25/2005 5:32,1,25,2005
2/2/2005,Last Quarter,4,2/2/2005 2:27,2,2,2005
2/8/2005,New Moon,1,2/8/2005 17:28,2,8,2005
2/15/2005,First Quarter,2,2/15/2005 19:16,2,15,2005
2/23/2005,Full Moon,3,2/23/2005 23:54,2,23,2005
3/3/2005,Last Quarter,4,3/3/2005 12:36,3,3,2005
3/10/2005,New Moon,1,3/10/2005 4:10,3,10,2005
3/17/2005,First Quarter,2,3/17/2005 14:19,3,17,2005
3/25/2005,Full Moon,3,3/25/2005 15:59,3,25,2005
4/1/2005,Last Quarter,4,4/1/2005 19:50,4,1,2005
4/8/2005,New Moon,1,4/8/2005 16:32,4,8,2005
4/16/2005,First Quarter,2,4/16/2005 10:37,4,16,2005
4/24/2005,Full Moon,3,4/24/2005 6:06,4,24,2005
5/1/2005,Last Quarter,4,5/1/2005 2:24,5,1,2005
5/8/2005,New Moon,1,5/8/2005 4:45,5,8,2005
5/16/2005,First Quarter,2,5/16/2005 4:57,5,16,2005
5/23/2005,Full Moon,3,5/23/2005 16:18,5,23,2005
5/30/2005,Last Quarter,4,5/30/2005 7:47,5,30,2005
6/6/2005,New Moon,1,6/6/2005 17:55,6,6,2005
6/14/2005,First Quarter,2,6/14/2005 21:22,6,14,2005
6/22/2005,Full Moon,3,6/22/2005 0:14,6,22,2005
6/28/2005,Last Quarter,4,6/28/2005 14:23,6,28,2005
7/6/2005,New Moon,1,7/6/2005 8:02,7,6,2005
7/14/2005,First Quarter,2,7/14/2005 11:20,7,14,2005
7/21/2005,Full Moon,3,7/21/2005 7:00,7,21,2005
7/27/2005,Last Quarter,4,7/27/2005 23:20,7,27,2005
8/4/2005,New Moon,1,8/4/2005 23:05,8,4,2005
8/12/2005,First Quarter,2,8/12/2005 22:39,8,12,2005
8/19/2005,Full Moon,3,8/19/2005 13:53,8,19,2005
8/26/2005,Last Quarter,4,8/26/2005 11:18,8,26,2005
9/3/2005,New Moon,1,9/3/2005 14:45,9,3,2005
9/11/2005,First Quarter,2,9/11/2005 7:37,9,11,2005
9/17/2005,Full Moon,3,9/17/2005 22:01,9,17,2005
9/25/2005,Last Quarter,4,9/25/2005 2:41,9,25,2005
10/3/2005,New Moon,1,10/3/2005 6:28,10,3,2005
10/10/2005,First Quarter,2,10/10/2005 15:01,10,10,2005
10/17/2005,Full Moon,3,10/17/2005 8:14,10,17,2005
10/24/2005,Last Quarter,4,10/24/2005 21:17,10,24,2005
11/1/2005,New Moon,1,11/1/2005 20:25,11,1,2005
11/8/2005,First Quarter,2,11/8/2005 20:57,11,8,2005
11/15/2005,Full Moon,3,11/15/2005 19:58,11,15,2005
11/23/2005,Last Quarter,4,11/23/2005 17:11,11,23,2005
12/1/2005,New Moon,1,12/1/2005 10:01,12,1,2005
12/8/2005,First Quarter,2,12/8/2005 4:36,12,8,2005
12/15/2005,Full Moon,3,12/15/2005 11:16,12,15,2005
12/23/2005,Last Quarter,4,12/23/2005 14:36,12,23,2005
12/30/2005,New Moon,1,12/30/2005 22:12,12,30,2005
1/6/2006,First Quarter,2,1/6/2006 13:56,1,6,2006
1/14/2006,Full Moon,3,1/14/2006 4:48,1,14,2006
1/22/2006,Last Quarter,4,1/22/2006 10:14,1,22,2006
1/29/2006,New Moon,1,1/29/2006 9:15,1,29,2006
2/5/2006,First Quarter,2,2/5/2006 1:29,2,5,2006
2/12/2006,Full Moon,3,2/12/2006 23:44,2,12,2006
2/21/2006,Last Quarter,4,2/21/2006 2:17,2,21,2006
2/27/2006,New Moon,1,2/27/2006 19:31,2,27,2006
3/6/2006,First Quarter,2,3/6/2006 15:16,3,6,2006
3/14/2006,Full Moon,3,3/14/2006 18:35,3,14,2006
3/22/2006,Last Quarter,4,3/22/2006 14:11,3,22,2006
3/29/2006,New Moon,1,3/29/2006 5:15,3,29,2006
4/5/2006,First Quarter,2,4/5/2006 8:01,4,5,2006
4/13/2006,Full Moon,3,4/13/2006 12:40,4,13,2006
4/20/2006,Last Quarter,4,4/20/2006 23:28,4,20,2006
4/27/2006,New Moon,1,4/27/2006 15:44,4,27,2006
5/5/2006,First Quarter,2,5/5/2006 1:13,5,5,2006
5/13/2006,Full Moon,3,5/13/2006 2:51,5,13,2006
5/20/2006,Last Quarter,4,5/20/2006 5:21,5,20,2006
5/27/2006,New Moon,1,5/27/2006 1:26,5,27,2006
6/3/2006,First Quarter,2,6/3/2006 19:06,6,3,2006
6/11/2006,Full Moon,3,6/11/2006 14:03,6,11,2006
6/18/2006,Last Quarter,4,6/18/2006 10:08,6,18,2006
6/25/2006,New Moon,1,6/25/2006 12:05,6,25,2006
7/3/2006,First Quarter,2,7/3/2006 12:37,7,3,2006
7/10/2006,Full Moon,3,7/10/2006 23:02,7,10,2006
7/17/2006,Last Quarter,4,7/17/2006 15:13,7,17,2006
7/25/2006,New Moon,1,7/25/2006 0:31,7,25,2006
8/2/2006,First Quarter,2,8/2/2006 4:46,8,2,2006
8/9/2006,Full Moon,3,8/9/2006 6:54,8,9,2006
8/15/2006,Last Quarter,4,8/15/2006 21:51,8,15,2006
8/23/2006,New Moon,1,8/23/2006 15:10,8,23,2006
8/31/2006,First Quarter,2,8/31/2006 18:57,8,31,2006
9/7/2006,Full Moon,3,9/7/2006 14:42,9,7,2006
9/14/2006,Last Quarter,4,9/14/2006 7:15,9,14,2006
9/22/2006,New Moon,1,9/22/2006 7:45,9,22,2006
9/30/2006,First Quarter,2,9/30/2006 7:04,9,30,2006
10/6/2006,Full Moon,3,10/6/2006 23:13,10,6,2006
10/13/2006,Last Quarter,4,10/13/2006 20:26,10,13,2006
10/22/2006,New Moon,1,10/22/2006 1:14,10,22,2006
10/29/2006,First Quarter,2,10/29/2006 16:25,10,29,2006
11/5/2006,Full Moon,3,11/5/2006 7:58,11,5,2006
11/12/2006,Last Quarter,4,11/12/2006 12:45,11,12,2006
11/20/2006,New Moon,1,11/20/2006 17:18,11,20,2006
11/28/2006,First Quarter,2,11/28/2006 1:29,11,28,2006
12/4/2006,Full Moon,3,12/4/2006 19:25,12,4,2006
12/12/2006,Last Quarter,4,12/12/2006 9:32,12,12,2006
12/20/2006,New Moon,1,12/20/2006 9:01,12,20,2006
12/27/2006,First Quarter,2,12/27/2006 9:48,12,27,2006
1/3/2007,Full Moon,3,1/3/2007 8:57,1,3,2007
1/11/2007,Last Quarter,4,1/11/2007 7:45,1,11,2007
1/18/2007,New Moon,1,1/18/2007 23:01,1,18,2007
1/25/2007,First Quarter,2,1/25/2007 18:01,1,25,2007
2/2/2007,Full Moon,3,2/2/2007 0:45,2,2,2007
2/10/2007,Last Quarter,4,2/10/2007 4:51,2,10,2007
2/17/2007,New Moon,1,2/17/2007 11:14,2,17,2007
2/24/2007,First Quarter,2,2/24/2007 2:56,2,24,2007
3/3/2007,Full Moon,3,3/3/2007 18:17,3,3,2007
3/11/2007,Last Quarter,4,3/11/2007 23:54,3,11,2007
3/18/2007,New Moon,1,3/18/2007 22:43,3,18,2007
3/25/2007,First Quarter,2,3/25/2007 14:16,3,25,2007
4/2/2007,Full Moon,3,4/2/2007 13:15,4,2,2007
4/10/2007,Last Quarter,4,4/10/2007 14:04,4,10,2007
4/17/2007,New Moon,1,4/17/2007 7:36,4,17,2007
4/24/2007,First Quarter,2,4/24/2007 2:36,4,24,2007
5/2/2007,Full Moon,3,5/2/2007 6:09,5,2,2007
5/10/2007,Last Quarter,4,5/10/2007 0:27,5,10,2007
5/16/2007,New Moon,1,5/16/2007 15:27,5,16,2007
5/23/2007,First Quarter,2,5/23/2007 17:03,5,23,2007
5/31/2007,Full Moon,3,5/31/2007 21:04,5,31,2007
6/8/2007,Last Quarter,4,6/8/2007 7:43,6,8,2007
6/14/2007,New Moon,1,6/14/2007 23:13,6,14,2007
6/22/2007,First Quarter,2,6/22/2007 9:15,6,22,2007
6/30/2007,Full Moon,3,6/30/2007 9:49,6,30,2007
7/7/2007,Last Quarter,4,7/7/2007 12:54,7,7,2007
7/14/2007,New Moon,1,7/14/2007 8:04,7,14,2007
7/22/2007,First Quarter,2,7/22/2007 2:29,7,22,2007
7/29/2007,Full Moon,3,7/29/2007 20:48,7,29,2007
8/5/2007,Last Quarter,4,8/5/2007 17:20,8,5,2007
8/12/2007,New Moon,1,8/12/2007 19:03,8,12,2007
8/20/2007,First Quarter,2,8/20/2007 19:54,8,20,2007
8/28/2007,Full Moon,3,8/28/2007 6:35,8,28,2007
9/3/2007,Last Quarter,4,9/3/2007 22:32,9,3,2007
9/11/2007,New Moon,1,9/11/2007 8:44,9,11,2007
9/19/2007,First Quarter,2,9/19/2007 12:48,9,19,2007
9/26/2007,Full Moon,3,9/26/2007 15:45,9,26,2007
10/3/2007,Last Quarter,4,10/3/2007 6:06,10,3,2007
10/11/2007,New Moon,1,10/11/2007 1:01,10,11,2007
10/19/2007,First Quarter,2,10/19/2007 4:33,10,19,2007
10/26/2007,Full Moon,3,10/26/2007 0:52,10,26,2007
11/1/2007,Last Quarter,4,11/1/2007 17:18,11,1,2007
11/9/2007,New Moon,1,11/9/2007 18:03,11,9,2007
11/17/2007,First Quarter,2,11/17/2007 17:33,11,17,2007
11/24/2007,Full Moon,3,11/24/2007 9:30,11,24,2007
12/1/2007,Last Quarter,4,12/1/2007 7:44,12,1,2007
12/9/2007,New Moon,1,12/9/2007 12:40,12,9,2007
12/17/2007,First Quarter,2,12/17/2007 5:18,12,17,2007
12/23/2007,Full Moon,3,12/23/2007 20:16,12,23,2007
12/31/2007,Last Quarter,4,12/31/2007 2:51,12,31,2007
1/8/2008,New Moon,1,1/8/2008 6:37,1,8,2008
1/15/2008,First Quarter,2,1/15/2008 14:46,1,15,2008
1/22/2008,Full Moon,3,1/22/2008 8:35,1,22,2008
1/30/2008,Last Quarter,4,1/30/2008 0:03,1,30,2008
2/6/2008,New Moon,1,2/6/2008 22:45,2,6,2008
2/13/2008,First Quarter,2,2/13/2008 22:33,2,13,2008
2/20/2008,Full Moon,3,2/20/2008 22:31,2,20,2008
2/28/2008,Last Quarter,4,2/28/2008 21:18,2,28,2008
3/7/2008,New Moon,1,3/7/2008 12:14,3,7,2008
3/14/2008,First Quarter,2,3/14/2008 6:46,3,14,2008
3/21/2008,Full Moon,3,3/21/2008 14:40,3,21,2008
3/29/2008,Last Quarter,4,3/29/2008 17:47,3,29,2008
4/5/2008,New Moon,1,4/5/2008 23:55,4,5,2008
4/12/2008,First Quarter,2,4/12/2008 14:32,4,12,2008
4/20/2008,Full Moon,3,4/20/2008 6:25,4,20,2008
4/28/2008,Last Quarter,4,4/28/2008 10:12,4,28,2008
5/5/2008,New Moon,1,5/5/2008 8:18,5,5,2008
5/11/2008,First Quarter,2,5/11/2008 23:47,5,11,2008
5/19/2008,Full Moon,3,5/19/2008 22:11,5,19,2008
5/27/2008,Last Quarter,4,5/27/2008 22:57,5,27,2008
6/3/2008,New Moon,1,6/3/2008 15:23,6,3,2008
6/10/2008,First Quarter,2,6/10/2008 11:04,6,10,2008
6/18/2008,Full Moon,3,6/18/2008 13:30,6,18,2008
6/26/2008,Last Quarter,4,6/26/2008 8:10,6,26,2008
7/2/2008,New Moon,1,7/2/2008 22:19,7,2,2008
7/10/2008,First Quarter,2,7/10/2008 0:35,7,10,2008
7/18/2008,Full Moon,3,7/18/2008 3:59,7,18,2008
7/25/2008,Last Quarter,4,7/25/2008 14:42,7,25,2008
8/1/2008,New Moon,1,8/1/2008 6:13,8,1,2008
8/8/2008,First Quarter,2,8/8/2008 16:20,8,8,2008
8/16/2008,Full Moon,3,8/16/2008 17:16,8,16,2008
8/23/2008,Last Quarter,4,8/23/2008 19:50,8,23,2008
8/30/2008,New Moon,1,8/30/2008 15:58,8,30,2008
9/7/2008,First Quarter,2,9/7/2008 10:04,9,7,2008
9/15/2008,Full Moon,3,9/15/2008 5:13,9,15,2008
9/22/2008,Last Quarter,4,9/22/2008 1:04,9,22,2008
9/29/2008,New Moon,1,9/29/2008 4:12,9,29,2008
10/7/2008,First Quarter,2,10/7/2008 5:04,10,7,2008
10/14/2008,Full Moon,3,10/14/2008 16:02,10,14,2008
10/21/2008,Last Quarter,4,10/21/2008 7:55,10,21,2008
10/28/2008,New Moon,1,10/28/2008 19:14,10,28,2008
11/5/2008,First Quarter,2,11/5/2008 23:03,11,5,2008
11/13/2008,Full Moon,3,11/13/2008 1:17,11,13,2008
11/19/2008,Last Quarter,4,11/19/2008 16:31,11,19,2008
11/27/2008,New Moon,1,11/27/2008 11:55,11,27,2008
12/5/2008,First Quarter,2,12/5/2008 16:26,12,5,2008
12/12/2008,Full Moon,3,12/12/2008 11:37,12,12,2008
12/19/2008,Last Quarter,4,12/19/2008 5:29,12,19,2008
12/27/2008,New Moon,1,12/27/2008 7:22,12,27,2008
1/4/2009,First Quarter,2,1/4/2009 6:56,1,4,2009
1/10/2009,Full Moon,3,1/10/2009 22:27,1,10,2009
1/17/2009,Last Quarter,4,1/17/2009 21:46,1,17,2009
1/26/2009,New Moon,1,1/26/2009 2:55,1,26,2009
2/2/2009,First Quarter,2,2/2/2009 18:13,2,2,2009
2/9/2009,Full Moon,3,2/9/2009 9:49,2,9,2009
2/16/2009,Last Quarter,4,2/16/2009 16:37,2,16,2009
2/24/2009,New Moon,1,2/24/2009 20:35,2,24,2009
3/4/2009,First Quarter,2,3/4/2009 2:46,3,4,2009
3/10/2009,Full Moon,3,3/10/2009 22:38,3,10,2009
3/18/2009,Last Quarter,4,3/18/2009 13:47,3,18,2009
3/26/2009,New Moon,1,3/26/2009 12:06,3,26,2009
4/2/2009,First Quarter,2,4/2/2009 10:34,4,2,2009
4/9/2009,Full Moon,3,4/9/2009 10:56,4,9,2009
4/17/2009,Last Quarter,4,4/17/2009 9:36,4,17,2009
4/24/2009,New Moon,1,4/24/2009 23:23,4,24,2009
5/1/2009,First Quarter,2,5/1/2009 16:44,5,1,2009
5/9/2009,Full Moon,3,5/9/2009 0:01,5,9,2009
5/17/2009,Last Quarter,4,5/17/2009 3:26,5,17,2009
5/24/2009,New Moon,1,5/24/2009 8:11,5,24,2009
5/30/2009,First Quarter,2,5/30/2009 23:22,5,30,2009
6/7/2009,Full Moon,3,6/7/2009 14:12,6,7,2009
6/15/2009,Last Quarter,4,6/15/2009 18:15,6,15,2009
6/22/2009,New Moon,1,6/22/2009 15:35,6,22,2009
6/29/2009,First Quarter,2,6/29/2009 7:28,6,29,2009
7/7/2009,Full Moon,3,7/7/2009 5:21,7,7,2009
7/15/2009,Last Quarter,4,7/15/2009 5:53,7,15,2009
7/21/2009,New Moon,1,7/21/2009 22:35,7,21,2009
7/28/2009,First Quarter,2,7/28/2009 18:00,7,28,2009
8/5/2009,Full Moon,3,8/5/2009 20:55,8,5,2009
8/13/2009,Last Quarter,4,8/13/2009 14:55,8,13,2009
8/20/2009,New Moon,1,8/20/2009 6:02,8,20,2009
8/27/2009,First Quarter,2,8/27/2009 7:42,8,27,2009
9/4/2009,Full Moon,3,9/4/2009 12:03,9,4,2009
9/11/2009,Last Quarter,4,9/11/2009 22:16,9,11,2009
9/18/2009,New Moon,1,9/18/2009 14:44,9,18,2009
9/26/2009,First Quarter,2,9/26/2009 0:50,9,26,2009
10/4/2009,Full Moon,3,10/4/2009 2:10,10,4,2009
10/11/2009,Last Quarter,4,10/11/2009 4:56,10,11,2009
10/18/2009,New Moon,1,10/18/2009 1:33,10,18,2009
10/25/2009,First Quarter,2,10/25/2009 20:42,10,25,2009
11/2/2009,Full Moon,3,11/2/2009 14:14,11,2,2009
11/9/2009,Last Quarter,4,11/9/2009 10:56,11,9,2009
11/16/2009,New Moon,1,11/16/2009 14:14,11,16,2009
11/24/2009,First Quarter,2,11/24/2009 16:39,11,24,2009
12/2/2009,Full Moon,3,12/2/2009 2:30,12,2,2009
12/8/2009,Last Quarter,4,12/8/2009 19:13,12,8,2009
12/16/2009,New Moon,1,12/16/2009 7:02,12,16,2009
12/24/2009,First Quarter,2,12/24/2009 12:36,12,24,2009
12/31/2009,Full Moon,3,12/31/2009 14:13,12,31,2009
1/7/2010,Last Quarter,4,1/7/2010 5:39,1,7,2010
1/15/2010,New Moon,1,1/15/2010 2:11,1,15,2010
1/23/2010,First Quarter,2,1/23/2010 5:53,1,23,2010
1/30/2010,Full Moon,3,1/30/2010 1:18,1,30,2010
2/5/2010,Last Quarter,4,2/5/2010 18:48,2,5,2010
2/13/2010,New Moon,1,2/13/2010 21:51,2,13,2010
2/21/2010,First Quarter,2,2/21/2010 19:42,2,21,2010
2/28/2010,Full Moon,3,2/28/2010 11:38,2,28,2010
3/7/2010,Last Quarter,4,3/7/2010 10:42,3,7,2010
3/15/2010,New Moon,1,3/15/2010 17:01,3,15,2010
3/23/2010,First Quarter,2,3/23/2010 7:00,3,23,2010
3/29/2010,Full Moon,3,3/29/2010 22:25,3,29,2010
4/6/2010,Last Quarter,4,4/6/2010 5:37,4,6,2010
4/14/2010,New Moon,1,4/14/2010 8:29,4,14,2010
4/21/2010,First Quarter,2,4/21/2010 14:20,4,21,2010
4/28/2010,Full Moon,3,4/28/2010 8:18,4,28,2010
5/6/2010,Last Quarter,4,5/6/2010 0:15,5,6,2010
5/13/2010,New Moon,1,5/13/2010 21:04,5,13,2010
5/20/2010,First Quarter,2,5/20/2010 19:43,5,20,2010
5/27/2010,Full Moon,3,5/27/2010 19:07,5,27,2010
6/4/2010,Last Quarter,4,6/4/2010 18:13,6,4,2010
6/12/2010,New Moon,1,6/12/2010 7:15,6,12,2010
6/19/2010,First Quarter,2,6/19/2010 0:29,6,19,2010
6/26/2010,Full Moon,3,6/26/2010 7:30,6,26,2010
7/4/2010,Last Quarter,4,7/4/2010 10:35,7,4,2010
7/11/2010,New Moon,1,7/11/2010 15:40,7,11,2010
7/18/2010,First Quarter,2,7/18/2010 6:11,7,18,2010
7/25/2010,Full Moon,3,7/25/2010 21:37,7,25,2010
8/3/2010,Last Quarter,4,8/3/2010 0:59,8,3,2010
8/9/2010,New Moon,1,8/9/2010 23:08,8,9,2010
8/16/2010,First Quarter,2,8/16/2010 14:14,8,16,2010
8/24/2010,Full Moon,3,8/24/2010 13:05,8,24,2010
9/1/2010,Last Quarter,4,9/1/2010 13:22,9,1,2010
9/8/2010,New Moon,1,9/8/2010 6:30,9,8,2010
9/15/2010,First Quarter,2,9/15/2010 1:50,9,15,2010
9/23/2010,Full Moon,3,9/23/2010 5:17,9,23,2010
9/30/2010,Last Quarter,4,9/30/2010 23:52,9,30,2010
10/7/2010,New Moon,1,10/7/2010 14:44,10,7,2010
10/14/2010,First Quarter,2,10/14/2010 17:27,10,14,2010
10/22/2010,Full Moon,3,10/22/2010 21:37,10,22,2010
10/30/2010,Last Quarter,4,10/30/2010 8:46,10,30,2010
11/6/2010,New Moon,1,11/6/2010 0:52,11,6,2010
11/13/2010,First Quarter,2,11/13/2010 11:39,11,13,2010
11/21/2010,Full Moon,3,11/21/2010 12:27,11,21,2010
11/28/2010,Last Quarter,4,11/28/2010 15:36,11,28,2010
12/5/2010,New Moon,1,12/5/2010 12:36,12,5,2010
12/13/2010,First Quarter,2,12/13/2010 8:59,12,13,2010
12/21/2010,Full Moon,3,12/21/2010 3:13,12,21,2010
12/27/2010,Last Quarter,4,12/27/2010 23:18,12,27,2010
1/4/2011,New Moon,1,1/4/2011 4:03,1,4,2011
1/12/2011,First Quarter,2,1/12/2011 6:31,1,12,2011
1/19/2011,Full Moon,3,1/19/2011 16:21,1,19,2011
1/26/2011,Last Quarter,4,1/26/2011 7:57,1,26,2011
2/2/2011,New Moon,1,2/2/2011 21:31,2,2,2011
2/11/2011,First Quarter,2,2/11/2011 2:18,2,11,2011
2/18/2011,Full Moon,3,2/18/2011 3:36,2,18,2011
2/24/2011,Last Quarter,4,2/24/2011 18:26,2,24,2011
3/4/2011,New Moon,1,3/4/2011 15:46,3,4,2011
3/12/2011,First Quarter,2,3/12/2011 18:45,3,12,2011
3/19/2011,Full Moon,3,3/19/2011 14:10,3,19,2011
3/26/2011,Last Quarter,4,3/26/2011 8:07,3,26,2011
4/3/2011,New Moon,1,4/3/2011 10:32,4,3,2011
4/11/2011,First Quarter,2,4/11/2011 8:05,4,11,2011
4/17/2011,Full Moon,3,4/17/2011 22:44,4,17,2011
4/24/2011,Last Quarter,4,4/24/2011 22:47,4,24,2011
5/3/2011,New Moon,1,5/3/2011 2:51,5,3,2011
5/10/2011,First Quarter,2,5/10/2011 16:33,5,10,2011
5/17/2011,Full Moon,3,5/17/2011 7:09,5,17,2011
5/24/2011,Last Quarter,4,5/24/2011 14:52,5,24,2011
6/1/2011,New Moon,1,6/1/2011 17:03,6,1,2011
6/8/2011,First Quarter,2,6/8/2011 22:11,6,8,2011
6/15/2011,Full Moon,3,6/15/2011 16:14,6,15,2011
6/23/2011,Last Quarter,4,6/23/2011 7:48,6,23,2011
7/1/2011,New Moon,1,7/1/2011 4:54,7,1,2011
7/8/2011,First Quarter,2,7/8/2011 2:29,7,8,2011
7/15/2011,Full Moon,3,7/15/2011 2:40,7,15,2011
7/23/2011,Last Quarter,4,7/23/2011 1:02,7,23,2011
7/30/2011,New Moon,1,7/30/2011 14:40,7,30,2011
8/6/2011,First Quarter,2,8/6/2011 7:08,8,6,2011
8/13/2011,Full Moon,3,8/13/2011 14:58,8,13,2011
8/21/2011,Last Quarter,4,8/21/2011 17:54,8,21,2011
8/28/2011,New Moon,1,8/28/2011 23:04,8,28,2011
9/4/2011,First Quarter,2,9/4/2011 13:39,9,4,2011
9/12/2011,Full Moon,3,9/12/2011 5:27,9,12,2011
9/20/2011,Last Quarter,4,9/20/2011 9:39,9,20,2011
9/27/2011,New Moon,1,9/27/2011 7:09,9,27,2011
10/3/2011,First Quarter,2,10/3/2011 23:15,10,3,2011
10/11/2011,Full Moon,3,10/11/2011 22:06,10,11,2011
10/19/2011,Last Quarter,4,10/19/2011 23:30,10,19,2011
10/26/2011,New Moon,1,10/26/2011 15:56,10,26,2011
11/2/2011,First Quarter,2,11/2/2011 12:38,11,2,2011
11/10/2011,Full Moon,3,11/10/2011 15:16,11,10,2011
11/18/2011,Last Quarter,4,11/18/2011 10:09,11,18,2011
11/25/2011,New Moon,1,11/25/2011 1:10,11,25,2011
12/2/2011,First Quarter,2,12/2/2011 4:52,12,2,2011
12/10/2011,Full Moon,3,12/10/2011 9:36,12,10,2011
12/17/2011,Last Quarter,4,12/17/2011 19:48,12,17,2011
12/24/2011,New Moon,1,12/24/2011 13:06,12,24,2011
1/1/2012,First Quarter,2,1/1/2012 1:15,1,1,2012
1/9/2012,Full Moon,3,1/9/2012 2:30,1,9,2012
1/16/2012,Last Quarter,4,1/16/2012 4:08,1,16,2012
1/23/2012,New Moon,1,1/23/2012 2:39,1,23,2012
1/30/2012,First Quarter,2,1/30/2012 23:10,1,30,2012
2/7/2012,Full Moon,3,2/7/2012 16:54,2,7,2012
2/14/2012,Last Quarter,4,2/14/2012 12:04,2,14,2012
2/21/2012,New Moon,1,2/21/2012 17:35,2,21,2012
2/29/2012,First Quarter,2,2/29/2012 20:21,2,29,2012
3/8/2012,Full Moon,3,3/8/2012 4:39,3,8,2012
3/14/2012,Last Quarter,4,3/14/2012 21:25,3,14,2012
3/22/2012,New Moon,1,3/22/2012 10:37,3,22,2012
3/30/2012,First Quarter,2,3/30/2012 15:41,3,30,2012
4/6/2012,Full Moon,3,4/6/2012 15:19,4,6,2012
4/13/2012,Last Quarter,4,4/13/2012 6:50,4,13,2012
4/21/2012,New Moon,1,4/21/2012 3:18,4,21,2012
4/29/2012,First Quarter,2,4/29/2012 5:57,4,29,2012
5/5/2012,Full Moon,3,5/5/2012 23:35,5,5,2012
5/12/2012,Last Quarter,4,5/12/2012 17:47,5,12,2012
5/20/2012,New Moon,1,5/20/2012 19:47,5,20,2012
5/28/2012,First Quarter,2,5/28/2012 16:16,5,28,2012
6/4/2012,Full Moon,3,6/4/2012 7:12,6,4,2012
6/11/2012,Last Quarter,4,6/11/2012 6:41,6,11,2012
6/19/2012,New Moon,1,6/19/2012 11:02,6,19,2012
6/26/2012,First Quarter,2,6/26/2012 23:30,6,26,2012
7/3/2012,Full Moon,3,7/3/2012 14:52,7,3,2012
7/10/2012,Last Quarter,4,7/10/2012 21:48,7,10,2012
7/19/2012,New Moon,1,7/19/2012 0:24,7,19,2012
7/26/2012,First Quarter,2,7/26/2012 4:56,7,26,2012
8/1/2012,Full Moon,3,8/1/2012 23:27,8,1,2012
8/9/2012,Last Quarter,4,8/9/2012 14:55,8,9,2012
8/17/2012,New Moon,1,8/17/2012 11:54,8,17,2012
8/24/2012,First Quarter,2,8/24/2012 9:54,8,24,2012
8/31/2012,Full Moon,3,8/31/2012 9:58,8,31,2012
9/8/2012,Last Quarter,4,9/8/2012 9:15,9,8,2012
9/15/2012,New Moon,1,9/15/2012 22:11,9,15,2012
9/22/2012,First Quarter,2,9/22/2012 15:41,9,22,2012
9/29/2012,Full Moon,3,9/29/2012 23:19,9,29,2012
10/8/2012,Last Quarter,4,10/8/2012 3:33,10,8,2012
10/15/2012,New Moon,1,10/15/2012 8:03,10,15,2012
10/21/2012,First Quarter,2,10/21/2012 23:32,10,21,2012
10/29/2012,Full Moon,3,10/29/2012 15:49,10,29,2012
11/6/2012,Last Quarter,4,11/6/2012 19:36,11,6,2012
11/13/2012,New Moon,1,11/13/2012 17:08,11,13,2012
11/20/2012,First Quarter,2,11/20/2012 9:31,11,20,2012
11/28/2012,Full Moon,3,11/28/2012 9:46,11,28,2012
12/6/2012,Last Quarter,4,12/6/2012 10:31,12,6,2012
12/13/2012,New Moon,1,12/13/2012 3:42,12,13,2012
12/20/2012,First Quarter,2,12/20/2012 0:19,12,20,2012
12/28/2012,Full Moon,3,12/28/2012 5:21,12,28,2012
1/4/2013,Last Quarter,4,1/4/2013 22:58,1,4,2013
1/11/2013,New Moon,1,1/11/2013 14:44,1,11,2013
1/18/2013,First Quarter,2,1/18/2013 18:45,1,18,2013
1/26/2013,Full Moon,3,1/26/2013 23:38,1,26,2013
2/3/2013,Last Quarter,4,2/3/2013 8:56,2,3,2013
2/10/2013,New Moon,1,2/10/2013 2:20,2,10,2013
2/17/2013,First Quarter,2,2/17/2013 15:31,2,17,2013
2/25/2013,Full Moon,3,2/25/2013 15:26,2,25,2013
3/4/2013,Last Quarter,4,3/4/2013 16:53,3,4,2013
3/11/2013,New Moon,1,3/11/2013 15:51,3,11,2013
3/19/2013,First Quarter,2,3/19/2013 13:27,3,19,2013
3/27/2013,Full Moon,3,3/27/2013 5:27,3,27,2013
4/3/2013,Last Quarter,4,4/3/2013 0:37,4,3,2013
4/10/2013,New Moon,1,4/10/2013 5:35,4,10,2013
4/18/2013,First Quarter,2,4/18/2013 8:31,4,18,2013
4/25/2013,Full Moon,3,4/25/2013 15:57,4,25,2013
5/2/2013,Last Quarter,4,5/2/2013 7:14,5,2,2013
5/9/2013,New Moon,1,5/9/2013 20:28,5,9,2013
5/18/2013,First Quarter,2,5/18/2013 0:35,5,18,2013
5/25/2013,Full Moon,3,5/25/2013 0:25,5,25,2013
5/31/2013,Last Quarter,4,5/31/2013 14:58,5,31,2013
6/8/2013,New Moon,1,6/8/2013 11:56,6,8,2013
6/16/2013,First Quarter,2,6/16/2013 13:24,6,16,2013
6/23/2013,Full Moon,3,6/23/2013 7:32,6,23,2013
6/30/2013,Last Quarter,4,6/30/2013 0:54,6,30,2013
7/8/2013,New Moon,1,7/8/2013 3:14,7,8,2013
7/15/2013,First Quarter,2,7/15/2013 23:18,7,15,2013
7/22/2013,Full Moon,3,7/22/2013 14:16,7,22,2013
7/29/2013,Last Quarter,4,7/29/2013 13:43,7,29,2013
8/6/2013,New Moon,1,8/6/2013 17:51,8,6,2013
8/14/2013,First Quarter,2,8/14/2013 6:56,8,14,2013
8/20/2013,Full Moon,3,8/20/2013 21:45,8,20,2013
8/28/2013,Last Quarter,4,8/28/2013 5:35,8,28,2013
9/5/2013,New Moon,1,9/5/2013 7:36,9,5,2013
9/12/2013,First Quarter,2,9/12/2013 13:08,9,12,2013
9/19/2013,Full Moon,3,9/19/2013 7:13,9,19,2013
9/26/2013,Last Quarter,4,9/26/2013 23:55,9,26,2013
10/4/2013,New Moon,1,10/4/2013 20:35,10,4,2013
10/11/2013,First Quarter,2,10/11/2013 19:02,10,11,2013
10/18/2013,Full Moon,3,10/18/2013 19:38,10,18,2013
10/26/2013,Last Quarter,4,10/26/2013 19:40,10,26,2013
11/3/2013,New Moon,1,11/3/2013 7:50,11,3,2013
11/10/2013,First Quarter,2,11/10/2013 0:57,11,10,2013
11/17/2013,Full Moon,3,11/17/2013 10:16,11,17,2013
11/25/2013,Last Quarter,4,11/25/2013 14:28,11,25,2013
12/2/2013,New Moon,1,12/2/2013 19:22,12,2,2013
12/9/2013,First Quarter,2,12/9/2013 10:12,12,9,2013
12/17/2013,Full Moon,3,12/17/2013 4:28,12,17,2013
12/25/2013,Last Quarter,4,12/25/2013 8:48,12,25,2013
1/1/2014,New Moon,1,1/1/2014 6:14,1,1,2014
1/7/2014,First Quarter,2,1/7/2014 22:39,1,7,2014
1/15/2014,Full Moon,3,1/15/2014 23:52,1,15,2014
1/24/2014,Last Quarter,4,1/24/2014 0:20,1,24,2014
1/30/2014,New Moon,1,1/30/2014 16:39,1,30,2014
2/6/2014,First Quarter,2,2/6/2014 14:22,2,6,2014
2/14/2014,Full Moon,3,2/14/2014 18:53,2,14,2014
2/22/2014,Last Quarter,4,2/22/2014 12:15,2,22,2014
3/1/2014,New Moon,1,3/1/2014 3:00,3,1,2014
3/8/2014,First Quarter,2,3/8/2014 8:27,3,8,2014
3/16/2014,Full Moon,3,3/16/2014 13:08,3,16,2014
3/23/2014,Last Quarter,4,3/23/2014 21:46,3,23,2014
3/30/2014,New Moon,1,3/30/2014 14:45,3,30,2014
4/7/2014,First Quarter,2,4/7/2014 4:31,4,7,2014
4/15/2014,Full Moon,3,4/15/2014 3:42,4,15,2014
4/22/2014,Last Quarter,4,4/22/2014 3:52,4,22,2014
4/29/2014,New Moon,1,4/29/2014 2:14,4,29,2014
5/6/2014,First Quarter,2,5/6/2014 23:15,5,6,2014
5/14/2014,Full Moon,3,5/14/2014 15:16,5,14,2014
5/21/2014,Last Quarter,4,5/21/2014 8:59,5,21,2014
5/28/2014,New Moon,1,5/28/2014 14:40,5,28,2014
6/5/2014,First Quarter,2,6/5/2014 16:39,6,5,2014
6/13/2014,Full Moon,3,6/13/2014 0:11,6,13,2014
6/19/2014,Last Quarter,4,6/19/2014 14:39,6,19,2014
6/27/2014,New Moon,1,6/27/2014 4:08,6,27,2014
7/5/2014,First Quarter,2,7/5/2014 7:59,7,5,2014
7/12/2014,Full Moon,3,7/12/2014 7:25,7,12,2014
7/18/2014,Last Quarter,4,7/18/2014 22:08,7,18,2014
7/26/2014,New Moon,1,7/26/2014 18:42,7,26,2014
8/3/2014,First Quarter,2,8/3/2014 20:50,8,3,2014
8/10/2014,Full Moon,3,8/10/2014 14:09,8,10,2014
8/17/2014,Last Quarter,4,8/17/2014 8:26,8,17,2014
8/25/2014,New Moon,1,8/25/2014 10:13,8,25,2014
9/2/2014,First Quarter,2,9/2/2014 7:11,9,2,2014
9/8/2014,Full Moon,3,9/8/2014 21:38,9,8,2014
9/15/2014,Last Quarter,4,9/15/2014 22:05,9,15,2014
9/24/2014,New Moon,1,9/24/2014 2:14,9,24,2014
10/1/2014,First Quarter,2,10/1/2014 15:33,10,1,2014
10/8/2014,Full Moon,3,10/8/2014 6:51,10,8,2014
10/15/2014,Last Quarter,4,10/15/2014 15:12,10,15,2014
10/23/2014,New Moon,1,10/23/2014 17:57,10,23,2014
10/30/2014,First Quarter,2,10/30/2014 22:48,10,30,2014
11/6/2014,Full Moon,3,11/6/2014 17:23,11,6,2014
11/14/2014,Last Quarter,4,11/14/2014 10:16,11,14,2014
11/22/2014,New Moon,1,11/22/2014 7:32,11,22,2014
11/29/2014,First Quarter,2,11/29/2014 5:06,11,29,2014
12/6/2014,Full Moon,3,12/6/2014 7:27,12,6,2014
12/14/2014,Last Quarter,4,12/14/2014 7:51,12,14,2014
12/21/2014,New Moon,1,12/21/2014 20:36,12,21,2014
12/28/2014,First Quarter,2,12/28/2014 13:31,12,28,2014
1/4/2015,Full Moon,3,1/4/2015 23:53,1,4,2015
1/13/2015,Last Quarter,4,1/13/2015 4:46,1,13,2015
1/20/2015,New Moon,1,1/20/2015 8:14,1,20,2015
1/26/2015,First Quarter,2,1/26/2015 23:48,1,26,2015
2/3/2015,Full Moon,3,2/3/2015 18:09,2,3,2015
2/11/2015,Last Quarter,4,2/11/2015 22:50,2,11,2015
2/18/2015,New Moon,1,2/18/2015 18:47,2,18,2015
2/25/2015,First Quarter,2,2/25/2015 12:14,2,25,2015
3/5/2015,Full Moon,3,3/5/2015 13:05,3,5,2015
3/13/2015,Last Quarter,4,3/13/2015 13:48,3,13,2015
3/20/2015,New Moon,1,3/20/2015 5:36,3,20,2015
3/27/2015,First Quarter,2,3/27/2015 3:43,3,27,2015
4/4/2015,Full Moon,3,4/4/2015 8:06,4,4,2015
4/11/2015,Last Quarter,4,4/11/2015 23:44,4,11,2015
4/18/2015,New Moon,1,4/18/2015 14:57,4,18,2015
4/25/2015,First Quarter,2,4/25/2015 19:55,4,25,2015
5/3/2015,Full Moon,3,5/3/2015 23:42,5,3,2015
5/11/2015,Last Quarter,4,5/11/2015 6:36,5,11,2015
5/18/2015,New Moon,1,5/18/2015 0:13,5,18,2015
5/25/2015,First Quarter,2,5/25/2015 13:19,5,25,2015
6/2/2015,Full Moon,3,6/2/2015 12:19,6,2,2015
6/9/2015,Last Quarter,4,6/9/2015 11:42,6,9,2015
6/16/2015,New Moon,1,6/16/2015 10:05,6,16,2015
6/24/2015,First Quarter,2,6/24/2015 7:03,6,24,2015
7/1/2015,Full Moon,3,7/1/2015 22:20,7,1,2015
7/8/2015,Last Quarter,4,7/8/2015 16:24,7,8,2015
7/15/2015,New Moon,1,7/15/2015 21:24,7,15,2015
7/24/2015,First Quarter,2,7/24/2015 0:04,7,24,2015
7/31/2015,Full Moon,3,7/31/2015 6:43,7,31,2015
8/6/2015,Last Quarter,4,8/6/2015 22:03,8,6,2015
8/14/2015,New Moon,1,8/14/2015 10:53,8,14,2015
8/22/2015,First Quarter,2,8/22/2015 15:31,8,22,2015
8/29/2015,Full Moon,3,8/29/2015 14:35,8,29,2015
9/5/2015,Last Quarter,4,9/5/2015 5:54,9,5,2015
9/13/2015,New Moon,1,9/13/2015 2:41,9,13,2015
9/21/2015,First Quarter,2,9/21/2015 4:59,9,21,2015
9/27/2015,Full Moon,3,9/27/2015 22:51,9,27,2015
10/4/2015,Last Quarter,4,10/4/2015 17:06,10,4,2015
10/12/2015,New Moon,1,10/12/2015 20:06,10,12,2015
10/20/2015,First Quarter,2,10/20/2015 16:31,10,20,2015
10/27/2015,Full Moon,3,10/27/2015 8:05,10,27,2015
11/3/2015,Last Quarter,4,11/3/2015 7:24,11,3,2015
11/11/2015,New Moon,1,11/11/2015 12:47,11,11,2015
11/19/2015,First Quarter,2,11/19/2015 1:27,11,19,2015
11/25/2015,Full Moon,3,11/25/2015 17:44,11,25,2015
12/3/2015,Last Quarter,4,12/3/2015 2:40,12,3,2015
12/11/2015,New Moon,1,12/11/2015 5:29,12,11,2015
12/18/2015,First Quarter,2,12/18/2015 10:14,12,18,2015
12/25/2015,Full Moon,3,12/25/2015 6:11,12,25,2015
1/2/2016,Last Quarter,4,1/2/2016 0:30,1,2,2016
1/9/2016,New Moon,1,1/9/2016 20:31,1,9,2016
1/16/2016,First Quarter,2,1/16/2016 18:26,1,16,2016
1/23/2016,Full Moon,3,1/23/2016 20:46,1,23,2016
1/31/2016,Last Quarter,4,1/31/2016 22:28,1,31,2016
2/8/2016,New Moon,1,2/8/2016 9:39,2,8,2016
2/15/2016,First Quarter,2,2/15/2016 2:46,2,15,2016
2/22/2016,Full Moon,3,2/22/2016 13:20,2,22,2016
3/1/2016,Last Quarter,4,3/1/2016 18:11,3,1,2016
3/8/2016,New Moon,1,3/8/2016 20:54,3,8,2016
3/15/2016,First Quarter,2,3/15/2016 13:03,3,15,2016
3/23/2016,Full Moon,3,3/23/2016 8:01,3,23,2016
3/31/2016,Last Quarter,4,3/31/2016 11:17,3,31,2016
4/7/2016,New Moon,1,4/7/2016 7:24,4,7,2016
4/13/2016,First Quarter,2,4/13/2016 23:59,4,13,2016
4/22/2016,Full Moon,3,4/22/2016 1:24,4,22,2016
4/29/2016,Last Quarter,4,4/29/2016 23:29,4,29,2016
5/6/2016,New Moon,1,5/6/2016 15:30,5,6,2016
5/13/2016,First Quarter,2,5/13/2016 13:02,5,13,2016
5/21/2016,Full Moon,3,5/21/2016 17:14,5,21,2016
5/29/2016,Last Quarter,4,5/29/2016 8:12,5,29,2016
6/4/2016,New Moon,1,6/4/2016 23:00,6,4,2016
6/12/2016,First Quarter,2,6/12/2016 4:10,6,12,2016
6/20/2016,Full Moon,3,6/20/2016 7:02,6,20,2016
6/27/2016,Last Quarter,4,6/27/2016 14:19,6,27,2016
7/4/2016,New Moon,1,7/4/2016 7:01,7,4,2016
7/11/2016,First Quarter,2,7/11/2016 20:52,7,11,2016
7/19/2016,Full Moon,3,7/19/2016 18:57,7,19,2016
7/26/2016,Last Quarter,4,7/26/2016 19:00,7,26,2016
8/2/2016,New Moon,1,8/2/2016 16:45,8,2,2016
8/10/2016,First Quarter,2,8/10/2016 14:21,8,10,2016
8/18/2016,Full Moon,3,8/18/2016 5:27,8,18,2016
8/24/2016,Last Quarter,4,8/24/2016 23:41,8,24,2016
9/1/2016,New Moon,1,9/1/2016 5:03,9,1,2016
9/9/2016,First Quarter,2,9/9/2016 7:49,9,9,2016
9/16/2016,Full Moon,3,9/16/2016 15:05,9,16,2016
9/23/2016,Last Quarter,4,9/23/2016 5:56,9,23,2016
9/30/2016,New Moon,1,9/30/2016 20:11,9,30,2016
10/9/2016,First Quarter,2,10/9/2016 0:33,10,9,2016
10/16/2016,Full Moon,3,10/16/2016 0:23,10,16,2016
10/22/2016,Last Quarter,4,10/22/2016 15:14,10,22,2016
10/30/2016,New Moon,1,10/30/2016 13:38,10,30,2016
11/7/2016,First Quarter,2,11/7/2016 14:51,11,7,2016
11/14/2016,Full Moon,3,11/14/2016 8:52,11,14,2016
11/21/2016,Last Quarter,4,11/21/2016 3:33,11,21,2016
11/29/2016,New Moon,1,11/29/2016 7:18,11,29,2016
12/7/2016,First Quarter,2,12/7/2016 4:03,12,7,2016
12/13/2016,Full Moon,3,12/13/2016 19:06,12,13,2016
12/20/2016,Last Quarter,4,12/20/2016 20:56,12,20,2016
12/29/2016,New Moon,1,12/29/2016 1:53,12,29,2016
